Id_com;CodeDept;CodPost;CodCom;Commune
1;1;1370;350;SAINT-ETIENNE-DU-BOIS
2;1;1170;103;CHEVRY
3;1;1220;143;DIVONNE-LES-BAINS
4;1;1630;288;PERON
5;1;1200;33;VALSERHONE
6;1;1350;138;CULOZ
7;1;1630;354;ST-GENIS-POUILLY
8;1;1100;283;OYONNAX
9;1;1130;357;ST-GERMAIN-DE-JOUX
10;1;1170;173;GEX
11;1;1500;4;AMBERIEU-EN-BUGEY
12;1;1170;71;CESSY
13;1;1150;396;SAULT-BRENAZ
14;1;1210;160;FERNEY-VOLTAIRE
15;1;1170;399;SEGNY
16;1;1150;202;LAGNIEU
17;1;1130;204;LE POIZAT-LALLEYRIAT
18;1;1300;34;BELLEY
19;1;1210;281;ORNEX
20;1;1590;148;DORTAN
21;1;1280;313;PREVESSIN-MOENS
22;1;1110;60;BRENOD
23;1;1640;363;SAINT-JEAN-LE-VIEUX
24;1;1130;269;NANTUA
25;1;1500;345;SAINT-DENIS-EN-BUGEY
26;1;1710;419;THOIRY
27;1;1100;31;BELLIGNAT
28;1;1110;185;PLATEAU D'HAUTEVILLE
29;1;1410;210;LELEX
30;1;1170;436;VESANCY
31;1;1580;192;IZERNORE
32;1;1170;153;ECHENEVEX
33;1;1210;435;VERSONNEX
34;1;1150;390;SAINT-VULBAS
35;1;1550;109;COLLONGES
36;1;1260;79;CHAMPAGNE-EN-VALROMEY
37;1;1640;199;JUJURIEUX
38;1;1580;240;MATAFELON-GRANGES
39;1;1260;187;HAUT-VALROMEY
40;1;1100;14;ARBENT
41;1;1360;224;LOYETTES
42;1;1410;247;MIJOUX
43;1;1630;401;SERGY
44;1;1550;158;FARGES
45;1;1170;135;CROZET
46;1;1330;443;VILLARS-LES-DOMBES
47;1;1800;244;MEXIMIEUX
48;1;1090;258;MONTCEAUX
49;1;1120;262;MONTLUEL
50;1;1480;194;JASSANS-RIOTTIER
51;1;1480;30;BEAUREGARD
52;1;1120;142;DAGNEUX
53;1;1390;248;MIONNAY
54;1;1800;450;VILLIEU-LOYES-MOLLON
55;2;2300;173;CHAUNY
56;2;2000;408;LAON
57;2;2800;304;LA FERE
58;2;2000;755;URCEL
59;2;2410;680;SAINT GOBAIN
60;2;2700;738;TERGNIER
61;2;2670;318;FOLEMBRAY
62;2;2100;691;SAINT QUENTIN
63;2;2200;722;SOISSONS
64;2;2200;226;COURMELLES
65;2;2290;795;VIC SUR AISNE
66;2;2600;810;VILLERS-COTTERETS
67;2;2600;410;LARGNY SUR AUTOMNE
68;2;2880;537;NANTEUIL LA FOSSE
69;2;2370;758;VAILLY-SUR-AISNE
70;2;2600;201;COEUVRES ET VALSERY
71;2;2200;64;BELLEU
72;2;2400;168;CHATEAU THIERRY
73;2;2130;305;FERE EN TARDENOIS
74;3;3000;190;MOULINS
75;3;3400;321;YZEURE
76;3;3300;95;CUSSET
77;3;3200;310;VICHY
78;4;4200;209;SISTERON
79;4;4500;166;RIEZ
80;4;4400;73;ENCHASTRAYES
81;4;4160;49;CHATEAU-ARNOUX-SAINT-AUBAN
82;4;4000;70;DIGNE-LES-BAINS
83;4;4140;126;MONTCLAR
84;4;4260;6;ALLOS
85;4;4120;39;CASTELLANE
86;4;4850;96;JAUSIERS
87;4;4340;102;LE LAUZET UBAYE
88;4;4140;205;SEYNE
89;4;4500;176;SAINTE CROIX DU VERDON
90;4;4400;86;FAUCON-DE-BARCELONNETTE
91;4;4400;19;BARCELONNETTE
92;4;4800;94;GREOUX-LES-BAINS
93;4;4800;189;SAINT-MARTIN-DE-BROMES
94;4;4200;145;PEIPIN
95;4;4130;245;VOLX
96;4;4300;88;FORCALQUIER
97;4;4140;203;SELONNET
98;4;4100;112;MANOSQUE
99;4;4400;226;UVERNET-FOURS
100;4;4200;139;NOYERS-SUR-JABRON
101;4;4300;151;PIERRERUE
102;4;4700;143;ORAISON
103;4;4160;79;L ESCALE
104;4;4180;242;VILLENEUVE
105;4;4210;230;VALENSOLE
106;4;4290;244;VOLONNE
107;4;4220;197;SAINTE-TULLE
108;4;4230;178;SAINT-ETIENNE-LES-ORGUES
109;4;4120;69;DEMANDOLX
110;4;4330;22;BARREME
111;5;5300;70;LARAGNE-MONTEGLIN
112;5;5260;153;SAINT-MICHEL-DE-CHAILLOL
113;5;5230;84;MONTGARDIN
114;5;5560;177;VARS
115;5;5200;46;EMBRUN
116;5;5200;156;SAINT-SAUVEUR
117;5;5100;23;BRIANCON
118;5;5170;96;ORCIERES
119;5;5340;101;VALLOUISE-PELVOUX
120;5;5120;6;L'ARGENTIERE-LA-BESSEE
121;5;5000;61;GAP
122;5;5250;139;LE DEVOLUY
123;5;5800;64;LA CHAPELLE-EN-VALGAUDEMAR
124;5;5460;1;ABRIES-RISTOLAS
125;5;5240;161;LA SALLE
126;5;5400;179;VEYNES
127;5;5260;4;ANCELLE
128;5;5200;98;LES ORRES
129;5;5700;166;SERRES
130;5;5600;119;RISOUL
131;5;5230;40;CHORGES
132;5;5290;110;PUY SAINT VINCENT
133;5;5500;132;SAINT-BONNET-EN-CHAMPSAUR
134;5;5100;93;NEVACHE
135;5;5220;79;LE MONETIER-LES-BAINS
136;5;5230;17;LA BATIE NEUVE
137;5;5600;65;GUILLESTRE
138;5;5160;164;SAVINES-LE-LAC
139;5;5100;85;MONTGENEVRE
140;5;5500;72;LAYE
141;5;5200;111;PUY-SANIERES
142;5;5330;133;SAINT-CHAFFREY
143;6;6000;88;NICE
144;6;6300;88;NICE
145;6;6100;88;NICE
146;6;6730;114;SAINT-ANDRE DE LA ROCHE
147;6;6340;149;LA TRINITE
148;6;6950;60;FALICON
149;6;6200;88;NICE
150;6;6500;83;MENTON
151;6;6190;104;ROQUEBRUNE CAP MARTIN
152;6;6240;12;BEAUSOLEIL
153;6;6430;162;LA BRIGUE
154;6;6540;132;SAORGE
155;6;6430;163;TENDE
156;6;6380;136;SOSPEL
157;6;6500;35;CASTELLAR
158;6;6500;36;CASTILLON
159;6;6500;67;GORBIO
160;6;6380;86;MOULINET
161;6;6540;23;BREIL-SUR-ROYA
162;6;6500;113;SAINTE-AGNES
163;6;6230;159;VILLEFRANCHE-SUR-MER
164;6;6420;73;ISOLA
165;6;6470;94;PEONE
166;6;6420;153;VALDEBLORE
167;6;6310;11;BEAULIEU SUR MER
168;6;6440;92;PEILLON
169;6;6340;54;DRAP
170;6;6440;57;L'ESCARENE
171;6;6320;32;CAP-D AIL
172;6;6710;158;VILLARS-SUR-VAR
173;6;6450;127;SAINT-MARTIN-VESUBIE
174;6;6390;14;BENDEJUN
175;6;6660;120;SAINT-ETIENNE-DE-TINEE
176;6;6670;126;SAINT-MARTIN-DU-VAR
177;6;6390;48;CONTES
178;6;6320;150;LA TURBIE
179;6;6470;71;GUILLAUMES
180;6;6440;91;PEILLE
181;6;6360;59;EZE
182;6;6830;66;GILETTE
183;6;6450;103;ROQUEBILLIERE
184;6;6670;46;COLOMARS
185;6;6230;121;SAINT-JEAN-CAP-FERRAT
186;6;6670;75;LEVENS
187;6;6470;16;BEUIL
188;6;6390;15;BERRE-LES-ALPES
189;6;6830;141;TOUDON
190;6;6440;19;BLAUSASC
191;6;6450;13;BELVEDERE
192;6;6440;77;LUCERAM
193;6;6450;74;LANTOSQUE
194;6;6790;6;ASPREMONT
195;6;6450;20;LA BOLLENE-VESUBIE
196;6;6420;102;RIMPLAS
197;6;6340;31;CANTARON
198;6;6420;42;CLANS
199;6;6670;109;LA ROQUETTE SUR VAR
200;6;6450;151;UTELLE
201;6;6260;99;PUGET-THENIERS
202;6;6110;30;LE CANNET
203;6;6370;84;MOUANS-SARTOUX
204;6;6220;155;VALLAURIS
205;6;6600;4;ANTIBES
206;6;6160;4;ANTIBES
207;6;6550;108;LA ROQUETTE SUR SIAGNE
208;6;6250;85;MOUGINS
209;6;6410;18;BIOT
210;6;6400;29;CANNES
211;6;6150;29;CANNES
212;6;6210;79;MANDELIEU-LA-NAPOULE
213;6;6130;69;GRASSE
214;6;6580;90;PEGOMAS
215;6;6590;138;THEOULE-SUR-MER
216;6;6510;33;CARROS
217;6;6140;157;VENCE
218;6;6530;118;SAINT-CEZAIRE-SUR-SIAGNE
219;6;6510;25;LE BROC
220;6;6460;130;SAINT-VALLIER-DE-THIEY
221;6;6610;65;LA GAUDE
222;6;6620;10;LE BAR-SUR-LOUP
223;6;6560;152;VALBONNE
224;6;6620;70;GREOLIERES
225;6;6530;95;PEYMEINADE
226;6;6750;3;ANDON
227;6;6800;27;CAGNES SUR MER
228;6;6270;161;VILLENEUVE-LOUBET
229;6;6700;123;SAINT LAURENT DU VAR
230;6;6480;44;LA COLLE SUR LOUP
231;6;6570;128;SAINT-PAUL-DE-VENCE
232;7;7700;259;SAINT-JUST-D'ARDECHE
233;7;7600;331;VALS-LES-BAINS
234;7;7700;42;BOURG-SAINT-ANDEOL
235;7;7140;100;GRAVIERES
236;7;7150;304;SALAVAS
237;7;7200;19;AUBENAS
238;7;7800;349;LA-VOULTE-SUR-RHONE
239;7;7000;186;PRIVAS
240;7;7800;55;CHARMES-SUR-RHONE
241;7;7150;330;VALLON PONT D'ARC
242;7;7200;116;LABEGUDE
243;7;7120;201;RUOMS
244;7;7200;131;LANAS
245;7;7200;296;SAINT-SERNIN
246;7;7800;240;SAINT-GEORGES-LES-BAINS
247;7;7220;346;VIVIERS
248;7;7220;279;SAINT-MONTAN
249;7;7000;255;ST JULIEN EN ST ALBAN
250;7;7700;268;SAINT-MARTIN-D' ARDECHE
251;7;7300;324;TOURNON-SUR-RHONE
252;7;7130;281;SAINT-PERAY
253;7;7500;102;GUILHERAND-GRANGES
254;7;7100;10;ANNONAY
255;7;7370;308;SARRAS
256;7;7340;89;FELINES
257;7;7300;245;SAINT-JEAN-DE-MUZOLS
258;7;7430;78;DAVEZIEUX
259;8;8000;105;CHARLEVILLE-MEZIERES
260;8;8600;190;GIVET
261;8;8090;385;SAINT-LAURENT
262;8;8300;362;RETHEL
263;8;8200;409;SEDAN
264;8;8110;90;CARIGNAN
265;8;8200;43;BALAN
266;8;8140;53;BAZEILLES
267;9;9140;322;USTOU
268;9;9700;282;SAVERDUN
269;9;9000;122;FOIX
270;9;9100;265;SAINT-JEAN-DU-FALGA
271;9;9250;176;LUZENAC
272;9;9110;32;AX-LES-THERMES
273;9;9500;194;MIREPOIX
274;9;9300;160;LAVELANET
275;9;9100;225;PAMIERS
276;9;9350;105;DAUMAZAN-SUR-ARIZE
277;10;10300;362;SAINTE SAVINE
278;10;10430;325;ROSIERES PRES TROYES
279;10;10100;323;ROMILLY SUR SEINE
280;10;10800;343;SAINT JULIEN LES VILLAS
281;10;10120;333;SAINT ANDRE LES VERGERS
282;10;10000;387;TROYES
283;10;10400;382;TRAINEL
284;10;10600;81;LA CHAPELLE ST LUC
285;10;10200;33;BAR SUR AUBE
286;10;10150;297;PONTSAINTE MARIE
287;10;10400;268;NOGENT SUR SEINE
288;10;10420;265;LES NOES PRES TROYES
289;10;10200;102;COLOMBE LA FOSSE
290;10;10500;123;DIENVILLE
291;11;11000;69;CARCASSONNE
292;11;11400;76;CASTELNAUDARY
293;11;11150;281;PEXIORA
294;11;11800;397;TREBES
295;11;11290;199;LAVALETTE
296;11;11300;206;LIMOUX
297;11;11190;310;RENNES LES BAINS
298;11;11510;144;FITOU
299;11;11130;379;SIGEAN
300;11;11210;266;PORT-LA-NOUVELLE
301;11;11430;170;GRUISSAN
302;11;11370;202;LEUCATE
303;11;11100;262;NARBONNE
304;11;11110;441;VINASSAN
305;11;11560;145;FLEURY D AUDE
306;11;11200;48;BOUTENAC
307;11;11440;285;PEYRIAC DE MER
308;11;11100;24;BAGES
309;11;11200;203;LEZIGNAN-CORBIERES
310;11;11110;370;SALLES D AUDE
311;11;11120;258;MOUSSAN
312;11;11110;106;COURSAN
313;12;12000;146;LE MONASTERE
314;13;13002;202;MARSEILLE 2EME
315;13;13004;204;MARSEILLE 4EME
316;13;13001;201;MARSEILLE 1ER
317;13;13016;216;MARSEILLE 16EME
318;13;13015;215;MARSEILLE 15EME
319;13;13003;203;MARSEILLE 3EME
320;13;13014;214;MARSEILLE 14EME
321;13;13013;214;MARSEILLE 14EME
322;13;13010;210;MARSEILLE 10EME
323;13;13007;207;MARSEILLE 7EME
324;13;13005;205;MARSEILLE 5EME
325;13;13006;206;MARSEILLE 6EME
326;13;13009;209;MARSEILLE 9EME
327;13;13400;5;AUBAGNE
328;13;13008;208;MARSEILLE 8EME
329;13;13470;119;CARNOUX-EN-PROVENCE
330;13;13260;22;CASSIS
331;13;13360;86;ROQUEVAIRE
332;13;13600;28;LA CIOTAT
333;13;13112;31;LA DESTROUSSE
334;13;13390;7;AURIOL
335;13;13821;70;LA PENNE SUR HUVEAUNE
336;13;13720;16;LA BOUILLADISSE
337;13;13119;101;SAINT SAVOURNIN
338;13;13830;85;ROQUEFORT LA BEDOULE
339;13;13124;73;PEYPIN
340;13;13850;46;GREASQUE
341;13;13420;42;GEMENOS
342;13;13780;30;CUGES LES PINS
343;13;13013;213;MARSEILLE 13EME
344;13;13012;212;MARSEILLE 12EME
345;13;13380;75;PLAN DE CUQUES
346;13;13011;211;MARSEILLE 11EME
347;13;13004;212;MARSEILLE 12EME
348;13;13190;2;ALLAUCH
349;13;13140;63;MIRAMAS
350;13;13300;103;SALON-DE-PROVENCE
351;13;13100;1;AIX EN PROVENCE
352;13;13790;87;ROUSSET
353;13;13820;33;ENSUES-LA-REDONNE
354;13;13220;26;CHATEAUNEUF-LES-MARTIGUES
355;13;13127;117;VITROLLES
356;13;13700;54;MARIGNANE
357;13;13180;43;GIGNAC-LA-NERTHE
358;13;13630;36;EYRAGUES
359;13;13210;100;SAINT-REMY-DE-PROVENCE
360;13;13200;4;ARLES
361;13;13690;45;GRAVESON
362;13;13430;35;EYGUIERES
363;13;13160;27;CHATEAURENARD
364;14;14000;118;CAEN
365;14;14810;409;MERVILLE FRANCEVILLE
366;14;14450;312;GRANDCAMP-MAISY
367;14;14100;366;LISIEUX
368;14;14600;333;HONFLEUR
369;14;14360;715;TROUVILLE-SUR-MER
370;14;14160;225;DIVES-SUR-MER
371;14;14640;754;VILLERS-SUR-MER
372;14;14800;220;DEAUVILLE
373;14;14510;338;HOULGATE
374;14;14130;514;PONT-L EVEQUE
375;14;14910;79;BLONVILLE-SUR-MER
376;14;14800;701;TOURGEVILLE
377;14;14800;699;TOUQUES
378;14;14910;59;BENERVILLE-SUR-MER
379;14;14430;229;DOZULE
380;14;14600;243;EQUEMAUVILLE
381;14;14800;557;SAINT-ARNOULT
382;14;14600;536;RIVIERE-SAINT-SAUVEUR (LA)
383;16;16000;15;ANGOULEME
384;16;16600;291;RUELLE-SUR-TOUVRE
385;16;16800;374;SOYAUX
386;16;16300;28;BARBEZIEUX SAINT HILAIRE
387;16;16340;166;L'ISLE D'ESPAGNAC
388;16;16160;154;GOND PONTOUVRE
389;16;16470;341;SAINT-MICHEL
390;17;17138;414;SAINT-XANDRE
391;17;17000;300;LA ROCHELLE
392;17;17140;200;LAGORD
393;17;17180;274;PERIGNY
394;17;17340;94;CHATELAILLON-PLAGE
395;17;17440;28;AYTRE
396;17;17220;109;CLAVETTE
397;17;17111;207;LOIX
398;17;17410;369;SAINT-MARTIN-DE-RE
399;17;17170;127;COURCON
400;17;17880;286;LES PORTES-EN-RE
401;17;17138;291;PUILBOREAU
402;17;17139;142;DOMPIERRE-SUR-MER
403;17;17230;218;MARANS
404;17;17590;19;ARS-EN-RE
405;17;17690;10;ANGOULINS
406;17;17300;299;ROCHEFORT
407;17;17430;449;TONNAY CHARENTE
408;17;17450;168;FOURAS
409;17;17100;415;SAINTES
410;17;17600;421;SAUJON
411;17;17110;333;SAINT-GEORGES-DE-DIDONNE
412;17;17132;230;MESCHERS-SUR-GIRONDE
413;17;17120;34;BARZAN
414;17;17400;347;ST JEAN D'ANGELY
415;18;18100;279;VIERZON
416;18;18000;33;BOURGES
417;18;18400;207;SAINT-FLORENT-SUR-CHER
418;18;18500;141;MEHUN-SUR-YEVRE
419;18;18570;157;MORTHOMIERS
420;18;18500;5;ALLOUIS
421;18;18200;197;SAINT-AMAND-MONTROND
422;18;18700;15;AUBIGNY-SUR-NERE
423;19;19260;269;TREIGNAC
424;19;19000;272;TULLE
425;19;19200;275;USSEL
426;19;19100;31;BRIVE LA GAILLARDE
427;19;19270;274;USSAC
428;19;19230;243;SAINT-SORNIN-LAVOLPS
429;19;19360;123;MALEMORT
430;19;19270;202;SAINTE FEREOLE
431;21;21000;231;DIJON
432;22;22000;278;SAINT-BRIEUC
433;22;22430;54;ERQUY
434;22;22400;93;LAMBALLE-ARMOR
435;22;22170;206;CHATELAUDREN-PLOUAGAT
436;22;22360;106;LANGUEUX
437;22;22440;215;PLOUFRAGAN
438;22;22580;222;PLOUHA
439;22;22500;162;PAIMPOL
440;22;22370;186;PLENEUF-VAL-ANDRE
441;22;22410;325;SAINT-QUAY-PORTRIEUX
442;22;22190;187;PLERIN
443;22;22680;55;BINIC-ETABLES-SUR-MER
444;22;22120;81;HILLION
445;22;22950;360;TREGUEUX
446;22;22400;160;NOYAL
447;22;22650;209;BEAUSSAIS-SUR-MER
448;22;22100;50;DINAN
449;22;22380;282;SAINT-CAST-LE-GUILDO
450;22;22240;179;FREHEL
451;22;22100;339;TADEN
452;22;22770;94;LANCIEUX
453;22;22130;172;PLANCOET
454;22;22350;32;CAULNES
455;22;22100;118;LANVALLAY
456;22;22550;143;MATIGNON
457;22;22250;20;BROONS
458;22;22200;70;GUINGAMP
459;22;22970;225;PLOUMAGOAR
460;22;22700;168;PERROS-GUIREC
461;22;22300;113;LANNION
462;22;22220;362;TREGUIER
463;22;22660;379;TREVOU-TREGUIGNEC
464;22;22560;343;TREBEURDEN
465;22;22310;194;PLESTIN-LES-GREVES
466;22;22600;136;LOUDEAC
467;23;23300;176;LA SOUTERRAINE
468;23;23000;96;GUERET
469;24;24000;322;PERIGUEUX
470;24;24750;557;TRELISSAC
471;24;24750;53;BOULAZAC ISLE MANOIRE
472;24;24660;138;COULOUNIEIX-CHAMIERS
473;24;24100;37;BERGERAC
474;24;33220;335;PORT-SAINTE-FOY-ET-PONCHAPT
475;24;24510;362;VAL DE LOUYRE ET CAUDEAU
476;24;24230;226;LAMOTHE-MONTRAVEL
477;24;24120;547;TERRASSON LAVILLEDIEU
478;24;24200;520;SARLAT-LA-CANEDA
479;24;24580;356;ROUFFIGNAC-ST-CERNIN-DE-REILHA
480;24;24250;86;CASTELNAUD-LA-CHAPELLE
481;25;25000;56;BESANCON
482;25;25870;265;GENEUILLE
483;25;25410;527;SAINT VIT
484;25;25320;84;BOUSSIERES
485;25;25620;364;MAMIROLLE
486;25;25220;495;ROCHE LEZ BEAUPRE
487;25;25480;381;MISEREY SALINES
488;25;25870;73;BONNAY
489;25;25960;197;DELUZ
490;25;25870;35;LES AUXONS
491;25;25110;47;BAUME LES DAMES
492;25;25300;462;PONTARLIER
493;25;25300;293;GRANGES NARBOZ
494;25;25370;318;JOUGNE
495;25;25130;321;VILLERS LE LAC
496;25;25500;411;MORTEAU
497;25;25370;307;LES HOPITAUX NEUFS
498;25;25370;494;ROCHEJEAN
499;25;25290;434;ORNANS
500;25;25300;204;DOUBS
501;25;25800;578;VALDAHON
502;25;25300;157;LA CLUSE ET MIJOUX
503;25;25370;380;METABIEF
504;25;25580;222;ETALANS
505;25;25500;403;MONTLEBON
506;25;25240;413;MOUTHE
507;25;25300;254;LES FOURGS
508;25;25140;127;CHARQUEMONT
509;25;25400;31;AUDINCOURT
510;25;25230;539;SELONCOURT
511;25;25310;304;HERIMONCOURT
512;25;25200;388;MONTBELIARD
513;26;26100;281;ROMANS-SUR-ISERE
514;26;26000;362;VALENCE
515;26;26210;213;MORAS-EN-VALLOIRE
516;26;26200;198;MONTELIMAR
517;26;26300;57;BOURG-DE-PEAGE
518;26;26740;191;MONTBOUCHER-SUR-JABRON
519;26;26500;58;BOURG LES VALENCE
520;26;26120;64;CHABEUIL
521;26;26400;108;CREST
522;26;26290;116;DONZERE
523;26;26140;325;SAINT-RAMBERT-D ALBON
524;26;26220;114;DIEULEFIT
525;26;26790;357;TULETTE
526;26;26800;42;BEAUVALLON
527;26;26110;182;MIRABEL-AUX-BARONNIES
528;26;26270;166;LORIOL SUR DROME
529;26;26700;235;PIERRELATTE
530;26;26130;324;SAINT-PAUL-TROIS-CHATEAUX
531;26;26120;197;MONTELIER
532;26;26250;165;LIVRON SUR DROME
533;26;26800;252;PORTES LES VALENCE
534;26;26110;220;NYONS
535;26;26740;338;SAUZET
536;26;26260;301;SAINT-DONAT-SUR-L HERBASSE
537;26;26200;8;ANCONE
538;26;26770;322;SAINT-PANTALEON-LES-VIGNES
539;26;26420;290;SAINT-AGNAN-EN-VERCORS
540;26;26600;271;LA ROCHE DE GLUN
541;26;26540;218;MOURS-SAINT-EUSEBE
542;26;26240;333;SAINT VALLIER
543;26;26600;250;PONT DE L ISERE
544;26;26600;179;MERCUROL-VEAUNES
545;26;26600;347;TAIN L HERMITAGE
546;26;26760;37;BEAUMONT LES VALENCE
547;26;26130;211;MONTSEGUR-SUR-LAUZON
548;26;26240;247;PONSAS
549;27;27930;299;GRAVIGNY
550;27;27250;502;RUGLES
551;27;27530;230;EZY SUR EURE
552;27;27000;229;EVREUX
553;27;27120;448;PACY-SUR-EURE
554;27;27730;119;BUEIL
555;27;27200;681;VERNON
556;27;27950;562;ST MARCEL
557;27;27190;165;CONCHES EN OUCHE
558;27;27130;679;VERNEUIL D'AVRE ET D'ITON
559;27;27140;284;GISORS
560;27;27700;16;LES ANDELYS
561;27;27270;660;LA TRINITE DE REVILLE
562;27;27170;51;BEAUMONT LE ROGER
563;27;27300;56;BERNAY
564;27;27600;275;GAILLON
565;28;28000;85;CHARTRES
566;28;28320;168;GALLARDON
567;28;28630;110;LE COUDRAY
568;28;28230;140;EPERNON
569;28;28300;229;MAINVILLIERS
570;28;28310;391;TOURY
571;28;28130;191;HANCHES
572;28;28300;209;LEVES
573;28;28300;173;GASVILLE OISEME
574;28;28130;227;MAINTENON
575;28;28110;218;LUCE
576;28;28130;84;CHARTAINVILLIERS
577;28;28300;358;ST PREST
578;28;28320;172;GAS
579;28;28700;15;AUNEAU-BLEURY-SAINT-SYMPHORIEN
580;28;28600;220;LUISANT
581;28;28300;201;JOUY
582;28;28190;116;COURVILLE SUR EURE
583;28;28200;88;CHATEAUDUN
584;28;28200;334;ST DENIS-LANNERAY
585;28;28100;134;DREUX
586;28;28500;404;VERNOUILLET
587;28;28210;213;LORMAYE
588;28;28210;279;NOGENT-LE-ROI
589;28;28260;7;ANET
590;28;28210;94;CHAUDON
591;28;28350;348;ST LUBIN DES JONCHERETS
592;28;28170;89;CHATEAUNEUF EN THYMERAIS
593;28;28380;359;ST REMY SUR AVRE
594;28;28210;113;COULOMBS
595;28;28400;280;NOGENT LE ROTROU
596;29;29000;232;QUIMPER
597;29;29100;46;DOUARNENEZ
598;29;29300;233;QUIMPERLE
599;29;29900;39;CONCARNEAU
600;29;29930;217;PONT-AVEN
601;29;29360;31;CLOHARS CARNOET
602;29;29200;19;BREST
603;29;29290;260;SAINT RENAN
604;29;29460;45;DIRINON
605;29;29800;103;LANDERNEAU
606;29;29470;189;PLOUGASTEL-DAOULAS
607;29;29570;22;CAMARET-SUR-MER
608;29;29160;42;CROZON
609;29;29550;256;SAINT-NIC
610;29;29600;151;MORLAIX
611;29;29400;105;LANDIVISIAU
612;29;29660;23;CARANTEC
613;29;29600;254;SAINT-MARTIN-DES-CHAMPS
614;29;29630;188;PLOUGASNOU
615;29;29680;239;ROSCOFF
616;2A;20137;247;PORTO-VECCHIO
617;2A;20000;4;AJACCIO
618;2A;20110;249;PROPRIANO
619;2A;20090;4;AJACCIO
620;2A;20100;272;SARTENE
621;2A;20144;362;ZONZA
622;2A;20169;41;BONIFACIO
623;2A;20128;130;GROSSETO-PRUGNA
624;2A;20137;139;LECCI
625;2A;20110;18;ARBELLARA
626;2A;20166;228;PIETROSELLA
627;2A;20166;130;GROSSETO-PRUGNA
628;2A;20160;348;VICO
629;2A;20111;70;CASAGLIONE
630;2A;20167;271;SARROLA-CARCOPINO
631;2A;20140;21;ARGIUSTA-MORICCIO
632;2A;20166;8;ALBITRECCIA
633;2A;20140;276;SERRA-DI-FERRO
634;2A;20117;85;CAURO
635;2A;20134;200;PALNECA
636;2A;20167;17;APPIETTO
637;2A;20111;48;CALCATOGGIO
638;2A;20131;215;PIANOTTOLI-CALDARELLO
639;2A;20150;198;OTA
640;2A;20110;35;BELVEDERE-CAMPOMORO
641;2A;20146;288;SOTTA
642;2A;20145;269;SARI-SOLENZARA
643;2A;20000;139;LECCI
644;2A;20113;189;OLMETO
645;2A;20138;98;COTI-CHIAVARI
646;2A;20140;71;CASALABRIVA
647;2A;20163;324;TAVERA
648;2A;20118;348;VICO
649;2A;20122;254;QUENZA
650;2A;20129;32;BASTELICACCIA
651;2A;20115;212;PIANA
652;2A;20118;90;COGGIA
653;2A;20157;119;FRASSETO
654;2A;20167;103;CUTTOLI-CORTICCHIATO
655;2A;20190;312;SANTA-MARIA-SICHE
656;2A;20160;90;COGGIA
657;2A;20128;8;ALBITRECCIA
658;2A;20110;349;VIGGIANELLO
659;2B;20220;20;AREGNO
660;2B;20220;134;L'ILE ROUSSE
661;2B;20221;87;CERVIONE
662;2B;20232;185;OLETTA
663;30;30240;133;LE GRAU DU ROI
664;30;30220;3;AIGUES-MORTES
665;30;30900;189;NIMES
666;30;30000;189;NIMES
667;30;30420;62;CALVISSON
668;30;30170;106;DURFORT-ET-SAINT-MARTIN-DE-
669;30;30600;341;VAUVERT
670;30;30132;60;CAISSARGUES
671;30;30540;169;MILHAUD
672;30;30870;82;CLARENSAC
673;30;30230;47;BOUILLARGUES
674;30;30128;125;GARONS
675;30;30250;321;SOMMIERES
676;30;30940;231;SAINT ANDRE DE VALBORGNE
677;30;30660;123;GALLARGUES-LE-MONTUEUX
678;30;30620;36;BERNIS
679;30;30670;4;AIGUES-VIVES
680;30;30980;249;SAINT-DIONISY
681;30;30190;126;GARRIGUES SAINTE EULALIE
682;30;30610;311;SAUVE
683;30;30190;61;LA CALMETTE
684;30;30460;140;LASALLE
685;30;30220;276;SAINT-LAURENT-D AIGOUZE
686;30;30620;20;AUBORD
687;30;30470;6;AIMARGUES
688;30;30230;356;RODILHAN
689;30;30260;309;SARDAN
690;30;30920;83;CODOGNAN
691;30;30770;17;ARRIGAS
692;30;30260;210;QUISSAC
693;30;30190;255;SAINT-GENIES-DE-MALGOIRES
694;30;30820;75;CAVEIRAC
695;30;30120;350;LE VIGAN
696;30;30440;325;SUMENE
697;30;30170;263;ST HIPPOLYTE DU FORT
698;30;30700;334;UZES
699;30;30510;128;GENERAC
700;30;30290;141;LAUDUN-L ARDOISE
701;30;30127;34;BELLEGARDE
702;30;30300;32;BEAUCAIRE
703;30;30400;351;VILLENEUVE LES AVIGNON
704;30;30200;288;SAINT-NAZAIRE
705;30;30320;156;MARGUERITTES
706;30;30840;166;MEYNES
707;30;30650;217;ROCHEFORT-DU-GARD
708;30;30133;11;LES ANGLES
709;30;30210;212;REMOULINS
710;30;30320;206;POULX
711;30;30130;202;PONT ST ESPRIT
712;30;30800;258;ST GILLES
713;30;30210;73;CASTILLON-DU-GARD
714;30;30210;260;SAINT-HILAIRE-D OZILHAN
715;30;30130;290;SAINT-PAULET-DE-CAISSON
716;30;30210;317;SERNHAC
717;30;30200;28;BAGNOLS SUR CEZE
718;30;30650;315;SAZE
719;30;30700;174;MONTAREN-ET-SAINT-MEDIERS
720;30;30490;179;MONTFRIN
721;30;30150;221;ROQUEMAURE
722;30;30100;7;ALES
723;30;30530;203;PORTES
724;30;30410;171;MOLIERES-SUR-CEZE
725;30;30160;37;BESSEGES
726;30;30960;253;SAINT-FLORENT-SUR-AUZONNET
727;30;30110;132;LA GRAND COMBE
728;30;30140;10;ANDUZE
729;31;31400;555;TOULOUSE
730;31;31200;555;TOULOUSE
731;31;31000;555;TOULOUSE
732;31;31500;555;TOULOUSE
733;31;31780;116;CASTELGINEST
734;31;31140;186;FONBEAUZARD
735;31;31130;44;BALMA
736;31;31280;163;DREMIL LAFAGE
737;31;31240;561;L UNION
738;31;31140;22;AUCAMVILLE
739;31;31150;182;FENOUILLET
740;31;31180;462;ROUFFIAC TOLOSAN
741;31;31150;205;GAGNAC SUR GARONNE
742;31;31520;446;RAMONVILLE ST AGNE
743;31;31240;488;ST JEAN
744;31;31140;282;LAUNAGUET
745;31;31130;184;FLOURENS
746;31;31300;555;TOULOUSE
747;31;31170;557;TOURNEFEUILLE
748;31;31770;149;COLOMIERS
749;31;31100;555;TOULOUSE
750;31;31700;69;BLAGNAC
751;31;31340;584;VILLEMUR SUR TARN
752;31;31840;32;AUSSONNE
753;31;31270;157;CUGNAUX
754;31;31330;232;GRENADE SUR GARONNE
755;31;31880;526;LA SALVETAT ST GILLES
756;31;31700;351;MONDONVILLE
757;31;31620;202;FRONTON
758;31;31700;56;BEAUZELLE
759;31;31660;66;BESSIERES
760;31;31320;113;CASTANET TOLOSAN
761;31;31290;582;VILLEFRANCHE-DE-LAURAGAIS
762;31;31560;396;NAILLOUX
763;31;31670;254;LABEGE
764;31;31250;451;REVEL
765;31;31650;506;ST ORENS DE GAMEVILLE
766;31;31570;271;LANTA
767;31;31120;259;LACROIX FALGARDE
768;31;31320;35;AUZEVILLE-TOLOSANE
769;31;31750;169;ESCALQUENS
770;31;31380;358;MONTASTRUC LA CONSEILLERE
771;31;31450;429;POMPERTUZAT
772;31;31450;48;BAZIEGE
773;31;31270;203;FROUZINS
774;32;32000;13;AUCH
775;32;32100;107;CONDOM
776;32;32150;96;CAZAUBON
777;32;32200;147;GIMONT
778;32;32600;160;L ISLE JOURDAIN
779;33;33200;63;BORDEAUX
780;33;33160;376;SAINT AUBIN DE MEDOC
781;33;33290;312;PAREMPUYRE
782;33;33160;449;SAINT MEDARD EN JALLES
783;33;33000;63;BORDEAUX
784;33;33300;63;BORDEAUX
785;33;33520;75;BRUGES
786;33;33680;214;LACANAU
787;33;33110;69;LE BOUSCAT
788;33;33185;200;LE HAILLAN
789;33;33320;162;EYSINES
790;33;33290;256;LUDON MEDOC
791;33;33480;297;MOULIS-EN-MEDOC
792;33;33320;519;LE TAILLAN MEDOC
793;33;33480;104;CASTELNAU-DE-MEDOC
794;33;33290;56;BLANQUEFORT
795;33;33460;268;MARGAUX CANTENAC
796;33;33800;63;BORDEAUX
797;33;33130;39;BEGLES
798;33;33700;281;MERIGNAC
799;33;33170;192;GRADIGNAN
800;33;33400;522;TALENCE
801;33;33600;318;PESSAC
802;33;33140;550;VILLENAVE D ORNON
803;33;33127;422;SAINT JEAN D ILLAC
804;33;33127;273;MARTIGNAS SUR JALLE
805;33;33610;90;CANEJAN
806;33;33610;122;CESTAS
807;33;33410;81;CADILLAC
808;33;33380;51;BIGANOS
809;33;33120;9;ARCACHON
810;33;33560;96;CARBON BLANC
811;33;33140;80;CADAUJAC
812;33;33260;529;LA TESTE-DE-BUCH
813;33;33470;199;GUJAN MESTRAS
814;33;33150;119;CENON
815;33;33270;167;FLOIRAC
816;33;33210;533;TOULENNE
817;33;33510;5;ANDERNOS-LES-BAINS
818;33;33100;63;BORDEAUX
819;33;33310;249;LORMONT
820;33;33370;13;ARTIGUES-PRES-BORDEAUX
821;33;33550;311;PAILLET
822;33;33970;236;LEGE-CAP-FERRET
823;33;33470;527;LE TEICH
824;33;33450;483;ST SULPICE ET CAMEYRAC
825;33;33670;140;CREON
826;33;33770;498;SALLES
827;33;33370;535;TRESSES
828;33;33240;415;SAINT GERVAIS
829;33;33740;11;ARES
830;33;33370;165;FARGUES SAINT HILAIRE
831;33;33210;227;LANGON
832;33;33850;238;LEOGNAN
833;33;33950;236;LEGE-CAP-FERRET
834;33;33210;337;PREIGNAC
835;33;33440;434;ST LOUIS DE MONTFERRAND
836;33;33360;234;LATRESNE
837;33;33980;19;AUDENGE
838;33;33550;201;HAUX
839;33;33440;3;AMBARES-ET-LAGRAVE
840;33;33880;381;ST CAPRAIS DE BORDEAUX
841;33;33138;229;LANTON
842;33;33720;30;BARSAC
843;33;33114;29;LE BARP
844;33;33530;32;BASSENS
845;33;33550;226;LANGOIRAN
846;33;33370;554;YVRAC
847;33;33450;293;MONTUSSAN
848;33;33430;36;BAZAS
849;33;33240;366;SAINT-ANDRE-DE-CUBZAC
850;33;33360;99;CARIGNAN-DE-BORDEAUX
851;33;33380;284;MIOS
852;33;33550;534;LE TOURNE
853;33;33380;555;MARCHEPRIME
854;33;33115;529;LA TESTE-DE-BUCH
855;33;33640;109;CASTRES GIRONDE
856;33;33550;241;LESTIAC-SUR-GARONNE
857;33;33650;213;LA BREDE
858;33;33450;433;SAINT LOUBES
859;33;33560;397;SAINTE EULALIE
860;33;33690;195;GRIGNOLS
861;33;33420;185;GENISSAC
862;33;33500;243;LIBOURNE
863;33;33350;108;CASTILLON-LA-BATAILLE
864;33;33390;58;BLAYE
865;33;33220;324;PINEUILH
866;33;33920;492;SAINT-YZAN-DE-SOUDIAC
867;33;33750;466;SAINT-QUENTIN-DE-BARON
868;33;33920;473;SAINT-SAVIN
869;33;33230;138;COUTRAS
870;33;33660;478;ST-SEURIN-SUR-L ISLE
871;33;33220;402;SAINTE-FOY-LA-GRANDE
872;33;33820;389;SAINT-CIERS-SUR-GIRONDE
873;33;33870;539;VAYRES
874;33;33190;352;LA REOLE
875;33;33490;435;SAINT-MACAIRE
876;33;33540;506;SAUVETERRE-DE-GUYENNE
877;33;33121;97;CARCANS
878;33;33780;514;SOULAC-SUR-MER
879;33;33990;203;HOURTIN
880;33;33112;424;SAINT LAURENT MEDOC
881;33;33123;544;LE VERDON SUR MER
882;33;33340;240;LESPARRE-MEDOC
883;33;33180;545;VERTHEUIL
884;33;33590;490;SAINT-VIVIEN-DE-MEDOC
885;34;34080;172;MONTPELLIER
886;34;34000;172;MONTPELLIER
887;34;34070;172;MONTPELLIER
888;34;34090;172;MONTPELLIER
889;34;34250;192;PALAVAS-LES-FLOTS
890;34;34130;154;MAUGUIO
891;34;34990;123;JUVIGNAC
892;34;34470;198;PEROLS
893;34;34920;90;LE CRES
894;34;34280;344;LA GRANDE MOTTE
895;34;34170;57;CASTELNAU LE LEZ
896;34;34970;129;LATTES
897;34;34130;240;SAINT-AUNES
898;34;34430;270;SAINT-JEAN-DE-VEDAS
899;34;34790;116;GRABELS
900;34;34110;108;FRONTIGNAN
901;34;34200;301;SETE
902;34;34110;333;VIC-LA-GARDIOLE
903;34;34140;39;BOUZIGUES
904;34;34540;23;BALARUC LES BAINS
905;34;34740;327;VENDARGUES
906;34;34190;111;GANGES
907;34;34400;145;LUNEL
908;34;34800;79;CLERMONT L HERAULT
909;34;34980;255;SAINT-GELY-DU-FESC
910;34;34140;157;MEZE
911;34;34160;307;SUSSARGUES
912;34;34590;151;MARSILLARGUES
913;34;34770;113;GIGEAN
914;34;34830;120;JACOU
915;34;34380;152;MAS-DE-LONDRES
916;34;34980;247;SAINT CLEMENT DE RIVIERE
917;34;34160;58;CASTRIES
918;34;34670;22;BAILLARGUES
919;34;34560;213;POUSSAN
920;34;34190;128;LAROQUE
921;34;34560;165;MONTBAZIN
922;34;34730;217;PRADES-LE-LEZ
923;34;34160;27;BEAULIEU
924;34;34540;24;BALARUC LE VIEUX
925;34;34400;288;SAINT-SERIES
926;34;34750;337;VILLENEUVE-LES-MAGUELONE
927;34;34670;244;SAINT-BRES
928;34;34230;204;PLAISSAN
929;34;34700;142;LODEVE
930;34;34725;254;SAINT-FELIX-DE-LODEZ
931;34;34140;143;LOUPIAN
932;34;34190;67;CAZILHAC
933;34;34570;282;SAINT PAUL ET VALMALLE
934;34;34725;239;SAINT-ANDRE-DE-SANGONIS
935;34;34230;215;POUZOLS
936;34;34820;14;ASSAS
937;34;34400;246;ENTRE-VIGNES
938;34;34800;180;NEBIAN
939;34;34160;249;SAINT-DREZERY
940;34;34150;114;GIGNAC
941;34;34150;173;MONTPEYROUX
942;34;34570;163;MONTARNAUD
943;34;34350;324;VALRAS-PLAGE
944;34;34210;75;CESSERAS
945;34;34500;32;BEZIERS
946;34;34410;299;SERIGNAN
947;34;34300;3;AGDE
948;34;34120;199;PEZENAS
949;34;34340;150;MARSEILLAN
950;34;34600;28;BEDARIEUX
951;34;34350;329;VENDRES
952;34;34450;332;VIAS
953;34;34620;225;PUISSERGUIER
954;34;34720;63;CAUX
955;34;34310;161;MONTADY
956;34;34240;126;LAMALOU-LES-BAINS
957;34;34760;37;BOUJAN-SUR-LIBRON
958;34;34420;209;PORTIRAGNES
959;34;34810;207;POMEROLS
960;35;35740;210;PACE
961;35;35230;32;BOURGBARRE
962;35;35200;238;RENNES
963;35;35830;24;BETTON
964;35;35510;51;CESSON-SEVIGNE
965;35;35000;238;RENNES
966;35;35230;206;NOYAL-CHATILLON-SUR-SEICHE
967;35;35700;238;RENNES
968;35;35135;55;CHANTEPIE
969;35;35132;353;VEZIN-LE-COQUET
970;35;35170;47;BRUZ
971;35;35131;66;CHARTRES-DE-BRETAGNE
972;35;35136;281;ST JACQUES DE LA LANDE
973;35;35760;278;SAINT-GREGOIRE
974;35;35770;352;VERN-SUR-SEICHE
975;35;35520;59;LA CHAPELLE DES FOUGERETZ
976;35;35131;363;PONT-PEAN
977;35;35690;1;ACIGNE
978;35;35850;216;PARTHENAY-DE-BRETAGNE
979;35;35230;208;ORGERES
980;35;35520;173;MELESSE
981;35;35310;76;CHAVAGNE
982;35;35850;135;IRODOUER
983;35;35250;251;SAINT-AUBIN-D AUBIGNE
984;35;35310;37;BREAL-SOUS-MONTFORT
985;35;35310;196;MORDELLES
986;35;35360;184;MONTAUBAN-DE-BRETAGNE
987;35;35340;152;LIFFRE
988;35;35410;69;CHATEAUGIRON
989;35;35650;240;LE RHEU
990;35;35160;40;BRETEIL
991;35;35410;204;NOUVOITOU
992;35;35137;23;BEDEE
993;35;35150;136;JANZE
994;35;35235;334;THORIGNE-FOUILLARD
995;35;35290;297;SAINT-MEEN-LE-GRAND
996;35;35160;188;MONTFORT-SUR-MEU
997;35;35590;131;L'HERMITAGE
998;35;35630;130;HEDE-BAZOUGES
999;35;35520;177;LA MEZIERE
1000;35;35230;250;SAINT-ARMEL
1001;35;35490;326;SENS-DE-BRETAGNE
1002;35;35440;195;MONTREUIL-SUR-ILLE
1003;35;35580;123;GOVEN
1004;35;35600;236;REDON
1005;35;35470;12;BAIN-DE-BRETAGNE
1006;35;35330;57;LA CHAPELLE BOUEXIC
1007;35;35580;126;GUICHEN
1008;35;35320;231;POLIGNE
1009;35;35890;33;BOURG-DES-COMPTES
1010;35;35400;288;SAINT-MALO
1011;35;35800;93;DINARD
1012;35;35720;226;PLEUGUENEUC
1013;35;35800;287;SAINT-LUNAIRE
1014;35;35260;49;CANCALE
1015;35;35730;228;PLEURTUIT
1016;35;35120;95;DOL DE BRETAGNE
1017;35;35800;256;SAINT-BRIAC-SUR-MER
1018;35;35540;179;MINIAC-MORVAN
1019;35;35350;122;LA GOUESNIERE
1020;35;35780;241;LA RICHARDAIS
1021;35;35190;265;SAINT-DOMINEUC
1022;35;35540;362;LE TRONCHET
1023;35;35610;247;ROZ-SUR-COUESNON
1024;35;35350;299;SAINT-MELOIR-DES-ONDES
1025;35;35430;284;SAINT-JOUAN-DES-GUERETS
1026;35;35113;96;DOMAGNE
1027;35;35130;125;LA GUERCHE-DE-BRETAGNE
1028;35;35500;360;VITRE
1029;35;35220;68;CHATEAUBOURG
1030;35;35240;239;RETIERS
1031;35;35450;347;VAL-D'IZE
1032;36;36000;44;CHATEAUROUX
1033;36;36400;46;LA CHATRE
1034;37;37300;122;JOUE LES TOURS
1035;37;37000;261;TOURS
1036;37;37520;195;LA RICHE
1037;37;37100;261;TOURS
1038;37;37270;156;MONTLOUIS-SUR-LOIRE
1039;37;37700;233;SAINT-PIERRE-DES-CORPS
1040;37;37200;261;TOURS
1041;37;37550;208;SAINT AVERTIN
1042;37;37230;109;FONDETTES
1043;37;37540;214;SAINT CYR SUR LOIRE
1044;37;37390;172;NOTRE-DAME-D OE
1045;37;37210;203;ROCHECORBON
1046;37;37390;151;LA MEMBROLLE-SUR-CHOISILLE
1047;37;37510;18;BALLAN MIRE
1048;37;37170;50;CHAMBRAY LES TOURS
1049;37;37400;3;AMBOISE
1050;37;37120;196;RICHELIEU
1051;37;37140;31;BOURGUEIL
1052;37;37600;132;LOCHES
1053;37;37160;115;DESCARTES
1054;38;38000;185;GRENOBLE
1055;38;38100;185;GRENOBLE
1056;38;38400;421;SAINT-MARTIN-D'HERES
1057;38;38610;179;GIERES
1058;38;38700;516;LA TRONCHE
1059;38;38240;229;MEYLAN
1060;38;38330;249;MONTBONNOT-SAINT-MARTIN
1061;38;38130;151;ECHIROLLES
1062;38;38330;431;SAINT-NAZAIRE-LES-EYMES
1063;38;38330;45;BIVIERS
1064;38;38330;397;SAINT-ISMIER
1065;38;38320;158;EYBENS
1066;38;38320;309;POISAT
1067;38;38700;126;CORENC
1068;38;38660;503;LA TERRASSE
1069;38;38500;563;VOIRON
1070;38;38420;150;DOMENE
1071;38;38190;175;FROGES
1072;38;38530;314;PONTCHARRA
1073;38;38220;562;VIZILLE
1074;38;38120;382;SAINT-EGREVE
1075;38;38120;170;FONTANIL-CORNILLON
1076;38;38830;439;CRETS EN BELLEDONNE
1077;38;38950;423;SAINT-MARTIN-LE-VINOUX
1078;38;38570;501;TENCIN
1079;38;38580;6;ALLEVARD
1080;38;38190;547;VILLARD-BONNOT
1081;38;38580;163;LE HAUT-BREDA
1082;38;38410;422;SAINT-MARTIN-D'URIAGE
1083;38;38340;565;VOREPPE
1084;38;38410;567;CHAMROUSSE
1085;38;38500;61;LA BUISSE
1086;38;38220;279;NOTRE-DAME-DE-MESAGE
1087;38;38380;442;SAINT-PIERRE-DE-CHARTREUSE
1088;38;38320;59;BRIE-ET-ANGONNES
1089;38;38570;181;GONCELIN
1090;38;38410;528;VAULNAVEYS-LE-BAS
1091;38;38190;2;LES ADRETS
1092;38;38420;538;LE VERSOUD
1093;38;38570;100;LE CHEYLAS
1094;38;38960;383;SAINT-ETIENNE-DE-CROSSEY
1095;38;38920;140;CROLLES
1096;38;38650;186;GRESSE-EN-VERCORS
1097;38;38750;191;HUEZ
1098;38;38860;253;LES DEUX ALPES
1099;38;38360;474;SASSENAGE
1100;38;38112;225;AUTRANS-MEAUDRE EN VERCORS
1101;38;38170;485;SEYSSINET-PARISET
1102;38;38250;548;VILLARD-DE-LANS
1103;38;38600;169;FONTAINE
1104;38;38114;527;VAUJANY
1105;38;38250;129;CORRENCON-EN-VERCORS
1106;38;38880;225;AUTRANS-MEAUDRE EN VERCORS
1107;38;38800;317;LE PONT-DE-CLAIX
1108;38;38640;111;CLAIX
1109;38;38970;128;CORPS
1110;38;38520;52;LE BOURG-D'OISANS
1111;38;38142;40;BESSE
1112;38;38142;20;AURIS
1113;38;38250;205;LANS-EN-VERCORS
1114;38;38450;187;LE GUA
1115;38;38110;377;SAINT-CLAIR-DE-LA-TOUR
1116;38;38300;53;BOURGOIN-JALLIEU
1117;38;38090;553;VILLEFONTAINE
1118;38;38540;408;SAINT-JUST-CHALEYSSIN
1119;38;38080;193;L'ISLE-D'ABEAU
1120;38;38290;537;LA VERPILLIERE
1121;38;38280;11;ANTHON
1122;38;38230;316;PONT-DE-CHERUY
1123;38;38140;337;RIVES
1124;38;38590;384;SAINT-ETIENNE-DE-SAINT-GEOIRS
1125;38;38160;416;SAINT-MARCELLIN
1126;38;38430;400;SAINT-JEAN-DE-MOIRANS
1127;38;38210;517;TULLINS
1128;38;38470;559;VINAY
1129;38;38430;239;MOIRANS
1130;38;38140;30;BEAUCROISSANT
1131;38;38590;387;SAINT-GEOIRS
1132;38;38940;347;ROYBON
1133;38;38140;194;IZEAUX
1134;39;39220;470;LES ROUSSES
1135;39;39200;478;SAINT-CLAUDE
1136;39;39100;198;DOLE
1137;39;39300;97;CHAMPAGNOLE
1138;39;39600;13;ARBOIS
1139;39;39500;526;TAVAUX
1140;39;39400;368;HAUTS DE BIENNE
1141;39;39100;501;SAMPANS
1142;39;39000;300;LONS LE SAUNIER
1143;39;39310;510;SEPTMONCEL LES MOLUNES
1144;39;39220;59;BOIS-D AMONT
1145;39;39220;441;PREMANON
1146;39;39800;434;POLIGNY
1147;39;39570;411;PERRIGNY
1148;39;39570;362;MONTMOROT
1149;39;39290;392;OFFLANGES
1150;39;39170;286;LAVANS-LES-SAINT-CLAUDE
1151;39;39110;500;SALINS LES BAINS
1152;39;39260;333;MOIRANS-EN-MONTAGNE
1153;39;39130;154;CLAIRVAUX-LES-LACS
1154;39;39400;47;BELLEFONTAINE
1155;39;39170;453;RAVILLOLES
1156;40;40170;266;ST-JULIEN-EN-BORN
1157;40;40100;88;DAX
1158;40;40230;284;ST-VINCENT-DE-TYROSSE
1159;40;40230;317;TOSSE
1160;40;40280;281;SAINT-PIERRE-DU-MONT
1161;40;40660;187;MOLIETS-ET-MAA
1162;40;40300;224;PEYREHORADE
1163;40;40510;296;SEIGNOSSE
1164;40;40000;192;MONT-DE-MARSAN
1165;40;40220;312;TARNOS
1166;40;40150;304;SOORTS-HOSSEGOR
1167;40;40230;261;ST-GEOURS-MAREMNE
1168;40;40460;287;SANGUINET
1169;40;40560;326;VIELLE-ST-GIRONS
1170;40;40480;328;VIEUX BOUCAU-LES-BAINS
1171;40;40170;157;LIT ET MIXE
1172;40;40600;46;BISCARROSSE
1173;40;40990;279;ST-PAUL-LES-DAX
1174;40;40130;65;CAPBRETON
1175;40;40530;133;LABENNE
1176;40;40140;310;SOUSTONS
1177;40;40440;209;ONDRES
1178;40;40500;195;MONTGAILLARD
1179;40;40800;1;AIRE-SUR-L'ADOUR
1180;40;40390;273;ST-MARTIN-DE-SEIGNANX
1181;40;40150;4;ANGRESSE
1182;40;40200;184;MIMIZAN
1183;40;40700;119;HAGETMAU
1184;40;40300;211;ORIST
1185;40;40550;150;LEON
1186;40;40390;272;ST-MARTIN-DE-HINX
1187;40;40170;43;BIAS
1188;40;40380;235;POYANNE
1189;40;40990;283;ST-VINCENT-DE-PAUL
1190;40;40370;243;RION-DES-LANDES
1191;40;40400;313;TARTAS
1192;40;40200;19;AUREILHAN
1193;40;40500;282;SAINT-SEVER
1194;40;40160;217;PARENTIS EN BORN
1195;40;40230;36;BENESSE-MAREMNE
1196;41;41100;269;VENDOME
1197;41;41000;18;BLOIS
1198;41;41400;151;MONTRICHARD VAL DE CHER
1199;41;41330;128;MAROLLES
1200;41;41200;194;ROMORANTIN-LANTHENAY
1201;41;41350;295;VINEUIL
1202;41;41260;47;LA CHAUSSEE SAINT VICTOR
1203;41;41000;276;VILLEBAROU
1204;42;42000;218;SAINT-ETIENNE
1205;42;42100;218;SAINT-ETIENNE
1206;42;42650;237;SAINT-JEAN-BONNEFONDS
1207;42;42350;305;LA TALAUDIERE
1208;42;42530;223;SAINT GENEST LERPT
1209;42;42800;225;GENILAC
1210;42;42700;95;FIRMINY
1211;42;42740;271;SAINT-PAUL-EN-JAREZ
1212;42;42400;207;SAINT-CHAMOND
1213;42;42150;183;LA RICAMARIE
1214;42;42230;189;ROCHE-LA-MOLIERE
1215;42;42320;103;LA GRAND-CROIX
1216;42;42800;242;SAINT-JOSEPH
1217;42;42270;275;SAINT-PRIEST-EN-JAREZ
1218;42;42410;168;PELUSSIN
1219;42;42480;97;LA FOUILLOUSE
1220;42;42580;92;L ETRAT
1221;42;42390;330;VILLARS
1222;42;42420;123;LORETTE
1223;42;42500;44;LE CHAMBON-FEUGEROLLES
1224;42;42490;99;FRAISSES
1225;42;42290;302;SORBIERS
1226;42;42410;56;CHAVANAY
1227;42;42800;186;RIVE-DE-GIER
1228;42;42320;93;FARNAY
1229;42;42240;270;SAINT-PAUL-EN-CORNILLON
1230;42;42240;316;UNIEUX
1231;42;42152;110;L HORME
1232;42;42600;299;SAVIGNEUX
1233;42;42680;256;SAINT-MARCELLIN-EN-FOREZ
1234;42;42160;5;ANDREZIEUX-BOUTHEON
1235;42;42140;59;CHAZELLES SUR LYON
1236;42;42130;19;BOEN-SUR-LIGNON
1237;42;42600;147;MONTBRISON
1238;42;42340;323;VEAUCHE
1239;42;42210;149;MONTROND-LES-BAINS
1240;42;42170;279;SAINT-JUST-SAINT-RAMBERT
1241;42;42330;222;SAINT-GALMIER
1242;42;42110;94;FEURS
1243;42;42610;285;SAINT-ROMAIN-LE-PUY
1244;42;42380;204;SAINT-BONNET-LE-CHATEAU
1245;42;42560;301;SOLEYMIEUX
1246;42;42920;39;CHALMAZEL-JEANSAGNIERE
1247;42;42600;180;PRECIEUX
1248;42;42300;187;ROANNE
1249;42;42190;52;CHARLIEU
1250;42;42300;332;VILLEREST
1251;42;42430;248;SAINT-JUST-EN-CHEVALET
1252;42;42153;184;RIORGES
1253;42;42590;156;NEULISE
1254;42;42120;71;LE COTEAU
1255;42;42300;127;MABLY
1256;42;42510;11;BALBIGNY
1257;42;42120;170;PERREUX
1258;42;42720;26;BRIENNON
1259;42;42370;232;SAINT-HAON-LE-CHATEL
1260;43;43000;157;LE PUY EN VELAY
1261;43;43600;224;SAINTE-SIGOLENE
1262;43;43140;236;SEAUVE-SUR-SEMENE (LA)
1263;43;43620;213;SAINT-PAL-DE-MONS
1264;43;43400;51;LE CHAMBON SUR LIGNON
1265;43;43300;112;LANGEAC
1266;43;43000;89;ESPALY-SAINT-MARCEL
1267;43;43140;177;SAINT-DIDIER-EN-VELAY
1268;43;43700;41;BRIVES-CHARENSAC
1269;43;43110;12;AUREC-SUR-LOIRE
1270;43;43200;7;ARAULES
1271;43;43100;262;VIEILLE-BRIOUDE
1272;43;43330;153;PONT-SALOMON
1273;43;43100;40;BRIOUDE
1274;43;43200;268;YSSINGEAUX
1275;43;43590;25;BEAUZAC
1276;43;43240;205;SAINT JUST MALMONT
1277;44;44000;109;NANTES
1278;44;44230;190;ST SEBASTIEN SUR LOIRE
1279;44;44300;109;NANTES
1280;44;44100;109;NANTES
1281;44;44200;109;NANTES
1282;44;44800;162;ST-HERBLAIN
1283;44;44610;74;INDRE
1284;44;44470;204;THOUARE-SUR-LOIRE
1285;44;44240;35;CHAPELLE-SUR-ERDRE (LA)
1286;44;44400;143;REZE
1287;44;44340;20;BOUGUENAIS
1288;44;44240;201;SUCE-SUR-ERDRE
1289;44;44310;188;ST-PHILBERT-DE-GRAND-LIEU
1290;44;44115;9;BASSE-GOULAINE
1291;44;44119;209;TREILLIERES
1292;44;44850;82;LIGNE
1293;44;44840;198;SORINIERES (LES)
1294;44;44140;2;AIGREFEUILLE SUR MAINE
1295;44;44470;26;CARQUEFOU
1296;44;44270;87;MACHECOUL-SAINT-MEME
1297;44;44980;172;SAINTE-LUCE-SUR-LOIRE
1298;44;44850;107;MOUZEIL
1299;44;44690;70;HAIE-FOUASSIERE (LA)
1300;44;44700;114;ORVAULT
1301;44;44120;215;VERTOU
1302;44;44150;3;ANCENIS-SAINT-GEREON
1303;44;44690;88;MAISDON-SUR-SEVRE
1304;44;44190;43;CLISSON
1305;44;44450;169;SAINT-JULIEN-DE-CONCELLES
1306;44;44830;18;BOUAYE
1307;44;44860;130;PONT-SAINT-MARTIN
1308;44;44119;66;GRANDCHAMP-DES-FONTAINES
1309;44;44430;84;LOROUX-BOTTEREAU (LE)
1310;44;44440;144;RIAILLE
1311;44;44370;213;LOIREAUXENCE
1312;44;44880;194;SAUTRON
1313;44;44330;32;CHAPELLE-HEULIN (LA)
1314;44;44760;12;LA BERNERIE EN RETZ
1315;44;44250;154;SAINT BREVIN LES PINS
1316;44;44210;131;PORNIC
1317;44;44730;182;SAINT-MICHEL-CHEF-CHEF
1318;44;44770;126;LA PLAINE-SUR-MER
1319;44;44680;186;SAINTE PAZANNE
1320;44;44320;187;SAINT-PERE-EN-RETZ
1321;44;44620;101;LA MONTAGNE
1322;44;44640;120;PELLERIN (LE)
1323;44;44560;116;PAIMBOEUF
1324;44;44770;136;PREFAILLES
1325;44;44380;132;PORNICHET
1326;44;44600;184;SAINT-NAZAIRE
1327;44;44220;47;COUERON
1328;44;44160;13;BESNE
1329;44;44130;15;BLAIN
1330;44;44570;210;TRIGNAC
1331;44;44780;98;MISSILLAC
1332;44;44550;103;MONTOIR-DE-BRETAGNE
1333;44;44360;158;SAINT-ETIENNE-DE-MONTLUC
1334;44;44260;195;SAVENAY
1335;44;44290;67;GUEMENE PENFAO
1336;44;44550;176;SAINT-MALO-DE-GUERSAC
1337;44;44160;189;SAINTE-REINE-DE-BRETAGNE
1338;44;44360;203;LE TEMPLE DE BRETAGNE
1339;44;44460;185;SAINT-NICOLAS-DE-REDON
1340;44;44480;52;DONGES
1341;44;44750;25;CAMPBON
1342;44;44360;217;VIGNEUX DE BRETAGNE
1343;44;44510;135;LE POULIGUEN
1344;44;44350;69;GUERANDE
1345;44;44420;211;LA TURBALLE
1346;44;44740;10;BATZ-SUR-MER
1347;44;44500;55;LA BAULE-ESCOUBLAC
1348;44;44420;97;MESQUER
1349;44;44490;49;LE CROISIC
1350;44;44117;151;SAINT-ANDRE-DES-EAUX
1351;44;44420;125;PIRIAC-SUR-MER
1352;44;44350;183;SAINT MOLF
1353;44;44390;110;NORT SUR ERDRE
1354;44;44110;36;CHATEAUBRIANT
1355;45;45800;284;ST JEAN DE BRAYE
1356;45;45000;234;ORLEANS
1357;45;45160;232;OLIVET
1358;45;45380;75;LA CHAPELLE ST MESMIN
1359;45;45140;285;ST JEAN DE LA RUELLE
1360;45;45650;286;SAINT-JEAN-LE-BLANC
1361;45;45100;234;ORLEANS
1362;45;45400;72;CHANTEAU
1363;45;45160;282;SAINT-HILAIRE-SAINT-MESMIN
1364;45;45400;147;FLEURY LES AUBRAIS
1365;45;45140;169;INGRE
1366;45;45400;308;SEMOY
1367;45;45750;298;SAINT-PRYVE-SAINT-MESMIN
1368;45;45770;302;SARAN
1369;45;45560;274;SAINT-DENIS-EN-VAL
1370;45;45430;89;CHECY
1371;45;45140;46;BOULAY-LES-BARRES
1372;45;45190;28;BEAUGENCY
1373;45;45160;6;ARDON
1374;45;45240;146;LA FERTE SAINT-AUBIN
1375;45;45170;224;NEUVILLE-AUX-BOIS
1376;45;45740;179;LAILLY EN VAL
1377;45;45110;82;CHATEAUNEUF S LOIRE
1378;45;45150;173;JARGEAU
1379;45;45640;300;SANDILLON
1380;45;45130;203;MEUNG-SUR-LOIRE
1381;45;45310;248;PATAY
1382;45;45200;208;MONTARGIS
1383;45;45120;68;CHALETTE-SUR-LOING
1384;45;45320;281;SAINT-HILAIRE-LES-ANDRESIS
1385;45;45200;4;AMILLY
1386;45;45120;61;CEPOY
1387;45;45390;258;PUISEAUX
1388;45;45330;191;LE MALESHERBOIS
1389;45;45300;252;PITHIVIERS
1390;45;45340;30;BEAUNE-LA-ROLANDE
1391;45;45500;155;GIEN
1392;45;45600;315;SULLY-SUR-LOIRE
1393;45;45250;53;BRIARE
1394;46;46000;42;CAHORS
1395;47;47520;201;LE PASSAGE
1396;47;47000;1;AGEN
1397;47;47390;145;LAYRAC
1398;47;47240;128;LAFOX
1399;47;47700;52;CASTELJALOUX
1400;47;47550;31;BOE
1401;47;47450;69;COLAYRAC ST CIRQ
1402;47;47600;195;NERAC
1403;47;47190;4;AIGUILLON
1404;47;47200;157;MARMANDE
1405;47;47400;310;TONNEINS
1406;47;47300;323;VILLENEUVE SUR LOT
1407;47;47210;324;VILLEREAL
1408;47;47500;106;FUMEL
1409;47;47150;175;MONFLANQUIN
1410;47;47290;55;CASTELNAUD DE GRATECAMBE
1411;48;48000;95;MENDE
1412;48;48300;80;LANGOGNE
1413;48;48150;96;MEYRUEIS
1414;48;48100;92;MARVEJOLS
1415;48;48190;27;MONT LOZERE ET GOULET
1416;48;48800;198;VILLEFORT
1417;48;48130;9;PEYRE EN AUBRAC
1418;49;49000;7;ANGERS
1419;49;49100;7;ANGERS
1420;49;49130;246;LES PONTS DE CE
1421;49;49125;347;TIERCE
1422;49;49124;267;SAINT-BARTHELEMY-D ANJOU
1423;49;49610;223;MURS-ERIGNE
1424;49;49800;353;TRELAZE
1425;49;49130;278;STE GEMMES SUR LOIRE
1426;49;49125;90;CHEFFES
1427;49;49480;323;VERRIERES-EN-ANJOU
1428;49;49112;323;VERRIERES-EN-ANJOU
1429;49;49140;377;RIVES-DU-LOIR-EN-ANJOU
1430;49;49320;50;BRISSAC LOIRE AUBANCE
1431;49;49240;15;AVRILLE
1432;49;49170;283;SAINT-GEORGES-SUR-LOIRE
1433;49;49080;35;BOUCHEMAINE
1434;49;49460;214;MONTREUIL-JUIGNE
1435;49;49300;99;CHOLET
1436;49;49120;92;CHEMILLE-EN-ANJOU
1437;49;49340;355;TREMENTINES
1438;49;49450;23;BEAUPREAU-EN-MAUGES
1439;49;49600;23;BEAUPREAU-EN-MAUGES
1440;49;49280;343;LA TESSOUALLE
1441;49;49400;328;SAUMUR
1442;49;49590;140;FONTEVRAUD L ABBAYE
1443;49;49630;194;MAZE-MILON
1444;49;49500;331;SEGRE-EN-ANJOU BLEU
1445;50;50180;2;AGNEAUX
1446;50;50000;502;SAINT-LO
1447;50;50680;356;MOON-SUR-ELLE
1448;50;50500;99;CARENTAN LES MARAIS
1449;50;50400;218;GRANVILLE
1450;50;50300;25;AVRANCHES
1451;50;50600;391;GRANDPARIGNY
1452;50;50350;165;DONVILLE-LES-BAINS
1453;50;50600;484;SAINT-HILAIRE-DU-HARCOUET
1454;50;50370;74;BRECEY
1455;50;50610;66;JULLOUVILLE
1456;50;50170;410;PONTORSON
1457;50;50100;129;CHERBOURG-EN-COTENTIN
1458;50;50470;129;CHERBOURG-EN-COTENTIN
1459;50;50110;129;CHERBOURG-EN-COTENTIN
1460;50;50130;129;CHERBOURG-EN-COTENTIN
1461;50;50120;129;CHERBOURG-EN-COTENTIN
1462;50;50200;147;COUTANCES
1463;50;50430;481;SAINT-GERMAIN-SUR-AY
1464;50;50450;197;GAVRAY-SUR-SIENNE
1465;50;50560;215;GOUVILLE-SUR-MER
1466;50;50230;3;AGON-COUTAINVILLE
1467;50;50770;403;PIROU
1468;50;50190;394;PERIERS
1469;50;50430;267;LESSAY
1470;50;50250;236;LA HAYE
1471;50;50270;31;BARNEVILLE-CARTERET
1472;50;50550;562;SAINT-VAAST-LA-HOUGUE
1473;50;50270;33;BAUBIGNY
1474;50;50700;615;VALOGNES
1475;50;50580;412;PORT-BAIL-SUR-MER
1476;51;51000;108;CHALONS EN CHAMPAGNE
1477;51;51470;506;SAINT-MEMMIE
1478;51;51800;507;SAINTE MENEHOULD
1479;51;51300;65;BLACY
1480;51;51300;649;VITRY LE FRANCOIS
1481;51;51300;262;FRIGNICOURT
1482;51;51200;230;EPERNAY
1483;51;51700;217;DORMANS
1484;51;51530;643;VINAY
1485;51;51530;196;CRAMANT
1486;51;51190;29;AVIZE
1487;51;51700;346;MAREUIL-LE-PORT
1488;51;51100;454;REIMS
1489;51;51430;573;TINQUEUX
1490;51;51530;210;DIZY
1491;51;51160;30;AY-CHAMPAGNE
1492;51;51350;172;CORMONTREUIL
1493;51;51370;474;SAINT BRICE COURCELLES
1494;51;51500;152;CHIGNY-LES-ROSES
1495;51;51500;536;SILLERY
1496;51;51450;55;BETHENY
1497;51;51430;58;BEZANNES
1498;51;51170;250;FISMES
1499;51;51420;662;WITRY-LES-REIMS
1500;51;51530;663;MAGENTA
1501;51;51160;28;AVENAY-VAL-D'OR
1502;52;52800;353;NOGENT
1503;52;52000;121;CHAUMONT
1504;52;52200;269;LANGRES
1505;53;53200;62;CHATEAU-GONTIER-SUR-MAYENNE
1506;53;53800;73;CONGRIER
1507;53;53000;130;LAVAL
1508;53;53810;54;CHANGE
1509;53;53300;216;ST FRAIMBAULT DE PRIERES
1510;53;53100;147;MAYENNE
1511;54;54270;184;ESSEY LES NANCY
1512;54;54000;395;NANCY
1513;54;54500;547;VANDOEUVRE LES NANCY
1514;54;54700;431;PONT A MOUSSON
1515;54;54130;482;SAINT MAX
1516;54;54140;274;JARVILLE LA MALGRANGE
1517;54;54220;339;MALZEVILLE
1518;54;54600;578;VILLERS LES NANCY
1519;54;54250;115;CHAMPIGNEULLES
1520;54;54850;364;MEREVILLE
1521;54;54425;439;PULNOY
1522;54;54320;357;MAXEVILLE
1523;54;54520;304;LAXOU
1524;54;54390;215;FROUARD
1525;54;54136;90;BOUXIERES-AUX-DAMES
1526;54;54410;300;LANEUVEVILLE-DEVANT-NANCY
1527;54;54670;150;CUSTINES
1528;54;54510;526;TOMBLAINE
1529;54;54630;459;RICHARDMENIL
1530;54;54180;257;HEILLECOURT
1531;54;54550;432;PONT-SAINT-VINCENT
1532;54;54740;252;HAROUE
1533;54;54110;549;VARANGEVILLE
1534;54;54210;483;SAINT-NICOLAS-DE-PORT
1535;54;54150;99;VAL DE BRIEY
1536;54;54400;323;LONGWY
1537;54;54750;533;TRIEUX
1538;54;54730;234;GORCY
1539;54;54860;254;HAUCOURT-MOULAINE
1540;54;54240;280;JOEUF
1541;54;54800;273;JARNY
1542;54;54650;493;SAULNES
1543;54;54310;263;HOMECOURT
1544;54;54640;536;TUCQUEGNIEUX
1545;54;54350;382;MONT SAINT MARTIN
1546;54;54430;451;REHON
1547;54;54580;28;AUBOUE
1548;54;54810;321;LONGLAVILLE
1549;54;54880;521;THIL
1550;54;54260;322;LONGUYON
1551;54;54440;261;HERSERANGE
1552;54;54590;270;HUSSIGNY GODBRANGE
1553;54;54190;580;VILLERUPT
1554;54;54400;138;COSNES-ET-ROMAIN
1555;54;54870;137;CONS-LA-GRANDVILLE
1556;54;54800;253;HATRIZE
1557;54;54910;542;VALLEROY
1558;54;54300;329;LUNEVILLE
1559;54;54122;550;VATHIMENIL
1560;54;54360;152;DAMELEVIERES
1561;54;54360;383;MONT-SUR-MEURTHE
1562;54;54360;76;BLAINVILLE-SUR-L EAU
1563;54;54570;205;FOUG
1564;54;54200;426;PIERRE-LA-TREICHE
1565;54;54200;174;ECROUVES
1566;54;54200;528;TOUL
1567;54;54200;167;DOMMARTIN-LES-TOUL
1568;54;54200;584;VILLEY-SAINT-ETIENNE
1569;54;54119;162;DOMGERMAIN
1570;54;54470;518;THIAUCOURT-REGNIEVILLE
1571;55;55430;43;BELLEVILLE SUR MEUSE
1572;55;55100;545;VERDUN
1573;56;56640;5;ARZON
1574;56;56890;206;SAINT-AVE
1575;56;56000;260;VANNES
1576;56;56610;3;ARRADON
1577;56;56880;164;PLOEREN
1578;56;56680;169;PLOUHINEC
1579;56;56520;78;GUIDEL
1580;56;56680;62;GAVRES
1581;56;56260;107;LARMOR-PLAGE
1582;56;56100;121;LORIENT
1583;56;56570;118;LOCMIQUELIC
1584;56;56650;90;INZINZAC-LOCHRIST
1585;56;56290;181;PORT-LOUIS
1586;56;56530;63;GESTEL
1587;56;56700;83;HENNEBONT
1588;56;56270;162;PLOEMEUR
1589;56;56600;98;LANESTER
1590;56;56670;193;RIANTEC
1591;56;56620;40;CLEGUER
1592;56;56700;94;KERVIGNAC
1593;56;56440;101;LANGUIDIC
1594;56;56400;23;BRECH
1595;56;56400;161;PLOEMEL
1596;56;56400;7;AURAY
1597;56;56340;34;CARNAC
1598;56;56360;114;LOCMARIA
1599;56;56360;152;LE PALAIS
1600;56;56510;234;SAINT-PIERRE-QUIBERON
1601;56;56170;186;QUIBERON
1602;56;56550;13;BELZ
1603;56;56470;258;LA TRINITE SUR MER
1604;56;56410;54;ERDEVEN
1605;56;56400;262;LE BONO
1606;56;56410;55;ETEL
1607;56;56360;241;SAUZON
1608;56;56400;263;SAINTE-ANNE-D'AURAY
1609;56;56470;233;SAINT-PHILIBERT
1610;56;56330;177;PLUVIGNER
1611;56;56400;176;PLUNERET
1612;56;56340;168;PLOUHARNEL
1613;56;56140;124;MALESTROIT
1614;56;56800;165;PLOERMEL
1615;56;56300;178;PONTIVY
1616;56;56160;110;LIGNOL
1617;56;56150;10;BAUD
1618;58;58000;194;NEVERS
1619;58;58600;117;FOURCHAMBAULT
1620;58;58640;303;VARENNES-VAUZELLES
1621;58;58160;134;IMPHY
1622;58;58660;88;COULANGES LES NEVERS
1623;58;58300;95;DECIZE
1624;58;58000;238;SAINT ELOI
1625;59;59800;350;LILLE
1626;59;59110;368;LA MADELEINE
1627;59;59000;350;LILLE
1628;59;59370;410;MONS EN BAROEUL
1629;59;59130;328;LAMBERSART
1630;59;59155;220;FACHES THUMESNIL
1631;59;59260;350;LILLE
1632;59;59777;350;LILLE
1633;59;59350;527;SAINT-ANDRE
1634;59;59118;636;WAMBRECHIES
1635;59;59790;507;RONCHIN
1636;59;59520;386;MARQUETTE-LEZ-LILLE
1637;59;59650;9;VILLENEUVE-D'ASCQ
1638;59;59134;250;FOURNES-EN-WEPPES
1639;59;59170;163;CROIX
1640;59;59390;367;LYS LEZ LANNOY
1641;59;59491;9;VILLENEUVE-D'ASCQ
1642;59;59100;512;ROUBAIX
1643;59;59150;650;WATTRELOS
1644;59;59160;350;LILLE
1645;59;59136;653;WAVRIN
1646;59;59133;462;PHALEMPIN
1647;59;59810;343;LESQUIN
1648;59;59390;332;LANNOY
1649;59;59320;196;ENNETIERES-EN-WEPPES
1650;59;59120;360;LOOS
1651;59;59320;566;SEQUEDIN
1652;59;59251;5;ALLENNES-LES-MARAIS
1653;59;59139;648;WATTIGNIES
1654;59;59290;646;WASQUEHAL
1655;59;59710;34;AVELIN
1656;59;59780;660;WILLEMS
1657;59;59320;286;HAUBOURDIN
1658;59;59493;9;VILLENEUVE-D'ASCQ
1659;59;59113;560;SECLIN
1660;59;59710;466;PONT-A-MARCQ
1661;59;59242;586;TEMPLEUVE EN PEVELE
1662;59;59830;168;CYSOING
1663;59;59320;278;HALLENNES-LEZ-HAUBOURDIN
1664;59;59510;299;HEM
1665;59;59235;71;BERSEE
1666;59;59420;421;MOUVAUX
1667;59;59700;378;MARCQ EN BAROEUL
1668;59;59223;508;RONCQ
1669;59;59200;599;TOURCOING
1670;59;59280;17;ARMENTIERES
1671;59;59840;457;PERENCHIES
1672;59;59250;279;HALLUIN
1673;59;59890;173;DEULEMONT
1674;59;59960;426;NEUVILLE EN FERRAIN
1675;59;59910;90;BONDUES
1676;59;59126;352;LINSELLES
1677;59;59890;482;QUESNOY SUR DEULE
1678;59;59760;271;GRANDE-SYNTHE
1679;59;59270;43;BAILLEUL
1680;59;59190;295;HAZEBROUCK
1681;59;59500;178;DOUAI
1682;59;59552;329;LAMBRES LEZ DOUAI
1683;59;59450;569;SIN LE NOBLE
1684;59;59490;574;SOMAIN
1685;59;59310;222;FAUMONT
1686;59;59146;456;PECQUENCOURT
1687;59;59600;392;MAUBEUGE
1688;59;59540;139;CAUDRY
1689;59;59400;122;CAMBRAI
1690;59;59590;491;RAISMES
1691;59;59300;606;VALENCIENNES
1692;59;59770;383;MARLY
1693;59;59230;526;SAINT-AMAND-LES-EAUX
1694;59;59410;14;ANZIN
1695;59;59178;284;HASNON
1696;59;59125;603;TRITH-ST-LEGER
1697;59;59220;172;DENAIN
1698;60;60000;57;BEAUVAIS
1699;60;60110;395;MERU
1700;60;60590;644;TRIE CHATEAU
1701;60;60540;88;BORNEL
1702;60;60430;462;NOAILLES
1703;60;60790;652;VALDAMPIERRE
1704;60;60240;143;CHAUMONT-EN-VEXIN
1705;60;60570;330;LABOISSIERE EN THELLE
1706;60;60570;12;ANDEVILLE
1707;60;60000;277;GOINCOURT
1708;60;60730;575;STE GENEVIEVE
1709;60;60240;367;LOCONVILLE
1710;60;60290;524;RANTIGNY
1711;60;60600;157;CLERMONT
1712;60;60140;360;LIANCOURT
1713;60;60600;234;FITZ JAMES
1714;60;60290;342;LAIGNEVILLE
1715;60;60250;439;MOUY
1716;60;60360;178;CREVECOEUR LE GRAND
1717;60;60510;559;LA RUE ST PIERRE
1718;60;60200;159;COMPIEGNE
1719;60;60280;382;MARGNY LES COMPIEGNE
1720;60;60280;156;CLAIROIX
1721;60;60400;471;NOYON
1722;60;60170;537;RIBECOURT DRESLINCOURT
1723;60;60610;338;LACROIX ST OUEN
1724;60;60280;665;VENETTE
1725;60;60190;337;LACHELLE
1726;60;60350;25;ATTICHY
1727;60;60880;325;JAUX
1728;60;60150;636;THOUROTTE
1729;60;60880;402;LE MEUX
1730;60;60170;119;CAMBRONNE LES RIBECOURT
1731;60;60660;601;ST VAAST LES MELLO
1732;60;60700;509;PONT STE MAXENCE
1733;60;60180;463;NOGENT SUR OISE
1734;60;60660;155;CIRES LES MELLO
1735;60;60410;578;SAINTINES
1736;60;60530;197;DIEUDONNE
1737;60;60460;513;PRECY SUR OISE
1738;60;60300;612;SENLIS
1739;60;60500;141;CHANTILLY
1740;60;60270;282;GOUVIEUX
1741;60;60100;175;CREIL
1742;60;60440;446;NANTEUIL LE HAUDOUIN
1743;60;60870;684;VILLERS ST PAUL
1744;60;60520;142;LA CHAPELLE EN SERVAL
1745;60;60700;238;FLEURINES
1746;60;60550;670;VERNEUIL EN HALATTE
1747;60;60160;414;MONTATAIRE
1748;60;60800;176;CREPY EN VALOIS
1749;60;60560;482;ORRY LA VILLE
1750;60;60740;589;ST MAXIMIN
1751;60;60300;33;AVILLY ST LEONARD
1752;60;60260;346;LAMORLAYE
1753;60;60340;584;ST LEU D ESSERENT
1754;60;60320;67;BETHISY ST MARTIN
1755;60;60410;667;VERBERIE
1756;60;60160;635;THIVERNY
1757;60;60230;139;CHAMBLY
1758;60;60800;358;LEVIGNEN
1759;60;60820;86;BORAN SUR OISE
1760;60;60320;68;BETHISY ST PIERRE
1761;60;60580;172;COYE LA FORET
1762;60;60500;695;VINEUIL ST FIRMIN
1763;60;60330;500;LE PLESSIS BELLEVILLE
1764;60;60128;432;MORTEFONTAINE
1765;60;60660;173;CRAMOISY
1766;60;60500;282;GOUVIEUX
1767;60;60440;489;PEROY LES GOMBRIES
1768;60;60530;450;NEUILLY EN THELLE
1769;60;60950;666;VER SUR LAUNETTE
1770;60;60260;282;GOUVIEUX
1771;60;60530;398;LE MESNIL EN THELLE
1772;60;60128;494;PLAILLY
1773;61;61000;1;ALENCON
1774;61;61100;169;FLERS
1775;61;61140;483;BAGNOLES DE L'ORNE NORMANDIE
1776;62;62000;41;ARRAS
1777;62;62217;4;ACHICOURT
1778;62;62223;764;SAINT-NICOLAS
1779;62;62300;291;ELEU-DIT-LEAUWETTE
1780;62;62223;37;ANZIN-SAINT-AUBIN
1781;62;62217;99;BEAURAINS
1782;62;62210;65;AVION
1783;62;62223;744;SAINTE-CATHERINE
1784;62;62580;609;NEUVILLE-ST-VAAST
1785;62;62690;785;SAVY-BERLETTE
1786;62;62118;128;BIACHE-SAINT-VAAST
1787;62;62400;119;BETHUNE
1788;62;62460;270;DIVION
1789;62;62196;445;HESDIGNEUL-LES-BETHUNE
1790;62;62660;126;BEUVRY
1791;62;62330;473;ISBERGUES
1792;62;62160;19;AIX NOULETTE
1793;62;62440;413;HARNES
1794;62;62220;215;CARVIN
1795;62;62640;587;MONTIGNY EN GOHELLE
1796;62;62410;895;WINGLES
1797;62;62300;498;LENS
1798;62;62750;528;LOOS EN GOHELLE
1799;62;62110;427;HENIN-BEAUMONT
1800;62;62930;893;WIMEREUX
1801;62;62152;604;NEUFCHATEL-HARDELOT
1802;62;62280;758;ST MARTIN BOULOGNE
1803;62;62100;193;CALAIS
1804;62;62179;899;WISSANT
1805;62;62200;160;BOULOGNE SUR MER
1806;62;62250;560;MARQUISE
1807;62;62600;108;BERCK
1808;62;62520;826;LE TOUQUET PARIS PLAGE
1809;62;62780;261;CUCQ
1810;62;62155;571;MERLIMONT
1811;62;62120;14;AIRE-SUR-LA-LYS
1812;62;62575;139;BLENDECQUES
1813;62;62500;765;SAINT OMER
1814;62;62219;525;LONGUENESSE
1815;62;62510;40;ARQUES
1816;63;63200;300;RIOM
1817;63;63140;103;CHATELGUYON
1818;63;63230;285;PONTGIBAUD
1819;63;63300;430;THIERS
1820;63;63500;178;ISSOIRE
1821;63;63710;380;SAINT-NECTAIRE
1822;63;63610;38;BESSE-ET-SAINT-ANASTAISE
1823;63;63114;241;MONTPEYROUX
1824;63;63680;98;CHASTREIX
1825;64;64000;445;PAU
1826;64;64140;129;BILLERE
1827;64;64140;348;LONS
1828;64;64320;132;BIZANOS
1829;64;64121;519;SERRES CASTET
1830;64;64450;385;MIOSSENS LANUSSE
1831;64;64110;284;JURANCON
1832;64;64320;269;IDRON
1833;64;64190;416;NAVARRENX
1834;64;64150;410;MOURENX
1835;64;64110;237;GELOS
1836;64;64230;511;SAUVAGNON
1837;64;64230;374;MAZEROLLES
1838;64;64300;430;ORTHEZ
1839;64;64230;335;LESCAR
1840;64;64110;467;RONTIGNON
1841;64;64160;405;MORLAAS
1842;64;64230;198;DENGUIN
1843;64;64800;339;LESTELLE BETHARRAM
1844;64;64400;422;OLORON SAINTE MARIE
1845;64;64260;463;REBENACQ
1846;64;64440;204;EAUX BONNES
1847;64;64400;409;MOUMOUR
1848;64;64440;320;LARUNS
1849;64;64800;417;NAY
1850;64;64260;522;SEVIGNACQ MEYRACQ
1851;64;64570;40;ARETTE
1852;64;64100;102;BAYONNE
1853;64;64200;122;BIARRITZ
1854;64;64600;24;ANGLET
1855;64;64480;547;USTARITZ
1856;64;64500;483;SAINT-JEAN-DE-LUZ
1857;64;64130;371;MAULEON LICHARRE
1858;64;64700;260;HENDAYE
1859;64;64990;304;LAHONCE
1860;64;64200;100;BASSUSSARRY
1861;64;64500;189;CIBOURE
1862;64;64240;256;HASPARREN
1863;64;64220;538;UHART-CIZE
1864;64;64120;493;SAINT-PALAIS
1865;65;65100;286;LOURDES
1866;65;65400;25;ARGELES-GAZOST
1867;65;65130;127;CAPVERN
1868;65;65000;440;TARBES
1869;65;65110;138;CAUTERETS
1870;65;65170;388;SAINT-LARY-SOULAN
1871;65;65240;31;ARREAU
1872;65;65170;384;SAILHAN
1873;65;65710;123;CAMPAN
1874;65;65200;59;BAGNERES-DE-BIGORRE
1875;65;65120;481;BAREGES
1876;65;65120;168;ESQUIEZE-SERE
1877;65;65600;417;SEMEAC
1878;65;65120;295;LUZ-SAINT-SAUVEUR
1879;65;65240;199;GERM
1880;65;65170;17;ARAGNOUET
1881;65;65100;2;ADE
1882;65;65170;465;VIELLE-AURE
1883;66;66700;8;ARGELES SUR MER
1884;66;66200;65;ELNE
1885;66;66140;37;CANET EN ROUSSILLON
1886;66;66470;182;SAINTE-MARIE-LA-MER
1887;66;66750;171;SAINT-CYPRIEN
1888;66;66100;136;PERPIGNAN
1889;66;66000;136;PERPIGNAN
1890;66;66440;212;TORREILLES
1891;66;66420;17;LE BARCARES
1892;66;66200;59;CORNEILLA DEL VERCOL
1893;66;66350;213;TOULOUGES
1894;66;66200;2;ALENYA
1895;66;66210;4;LES ANGLES
1896;66;66210;20;BOLQUERE
1897;66;66110;3;AMELIE LES BAINS
1898;66;66400;49;CERET
1899;66;66120;124;FONT-ROMEU ODEILLO-VIA
1900;66;66600;164;RIVESALTES
1901;66;66210;154;PUYVALADOR
1902;66;66220;187;SAINT-PAUL-DE-FENOUILLET
1903;66;66210;82;FORMIGUERES
1904;66;66160;24;LE BOULOU
1905;69;69250;3;ALBIGNY-SUR-SAONE
1906;69;69002;382;LYON 2EME
1907;69;69250;143;NEUVILLE SUR SAONE
1908;69;69004;384;LYON 4EME
1909;69;69005;385;LYON 5EME
1910;69;69009;389;LYON 9EME
1911;69;69650;163;QUINCIEUX
1912;69;69300;34;CALUIRE ET CUIRE
1913;69;69001;381;LYON 1ER
1914;69;69140;286;RILLIEUX-LA-PAPE
1915;69;69270;88;FONTAINES SUR SAONE
1916;69;69730;278;GENAY
1917;69;69250;85;FLEURIEU-SUR-SAONE
1918;69;69270;68;COUZON-AU-MONT-D OR
1919;69;69580;292;SATHONAY-CAMP
1920;69;69250;71;CURIS-AU-MONT-D'OR
1921;69;69270;33;CAILLOUX-SUR-FONTAINES
1922;69;69270;168;ROCHETAILLEE-SUR-SAONE
1923;69;69270;233;SAINT-ROMAIN-AU-MONT-D OR
1924;69;69250;284;MONTANAY
1925;69;69580;293;SATHONAY-VILLAGE
1926;69;69650;207;SAINT-GERMAIN-AU-MONT-D OR
1927;69;69003;383;LYON 3EME
1928;69;69007;387;LYON 7EME
1929;69;69006;386;LYON 6EME
1930;69;69008;388;LYON 8EME
1931;69;69330;282;MEYZIEU
1932;69;69780;289;SAINT-PIERRE-DE-CHANDIEU
1933;69;69100;266;VILLEURBANNE
1934;69;69200;259;VENISSIEUX
1935;69;69150;275;DECINES-CHARPIEU
1936;69;69360;297;TERNAY
1937;69;69120;256;VAULX EN VELIN
1938;69;69800;290;SAINT-PRIEST
1939;69;69780;283;MIONS
1940;69;69190;199;ST FONS
1941;69;69680;271;CHASSIEU
1942;69;69500;29;BRON
1943;69;69960;273;CORBAS
1944;69;69740;277;GENAS
1945;69;69720;287;SAINT-BONNET-DE-MURE
1946;69;69360;294;SEREZIN-DU-RHONE
1947;69;69320;276;FEYZIN
1948;69;69720;288;SAINT-LAURENT-DE-MURE
1949;69;69360;296;SOLAIZE
1950;69;69360;291;SAINT-SYMPHORIEN-D'OZON
1951;69;69780;298;TOUSSIEU
1952;69;69230;204;SAINT-GENIS-LAVAL
1953;69;69600;149;OULLINS
1954;69;69350;142;LA MULATIERE
1955;69;69110;202;SAINTE FOY LES LYON
1956;69;69510;176;SOUCIEU EN JARREST
1957;69;69530;27;BRIGNAIS
1958;69;69420;64;CONDRIEU
1959;69;69440;241;TALUYERS
1960;69;69520;96;GRIGNY
1961;69;69700;91;GIVORS
1962;69;69540;100;IRIGNY
1963;69;69420;7;AMPUIS
1964;69;69440;219;SAINT LAURENT D'AGNY
1965;69;69390;46;CHARLY
1966;69;69310;152;PIERRE BENITE
1967;69;69390;260;VERNAISON
1968;69;69560;189;SAINTE-COLOMBE
1969;69;69560;235;SAINT ROMAIN EN GAL
1970;69;69700;80;ECHALAS
1971;69;69700;136;MONTAGNY
1972;69;69440;141;MORNANT
1973;69;69630;43;CHAPONOST
1974;69;69390;268;VOURLES
1975;69;69340;89;FRANCHEVILLE
1976;69;69660;63;COLLONGES-AU-MONT- D OR
1977;69;69130;81;ECULLY
1978;69;69570;72;DARDILLY
1979;69;69290;69;CRAPONNE
1980;69;69160;244;TASSIN-LA-DEMI-LUNE
1981;69;69126;28;BRINDAS
1982;69;69850;78;DUERNE
1983;69;69280;127;MARCY-L ETOILE
1984;69;69380;125;MARCILLY-D AZERGUES
1985;69;69210;10;L ARBRESLE
1986;69;69410;40;CHAMPAGNE-AU-MONT-D OR
1987;69;69210;86;FLEURIEUX-SUR-L ARBRESLE
1988;69;69290;94;GREZIEU-LA-VARENNE
1989;69;69760;116;LIMONEST
1990;69;69260;44;CHARBONNIERES-LES-BAINS
1991;69;69210;171;SAIN-BEL
1992;69;69210;112;LENTILLY
1993;69;69380;49;CHASSELAY
1994;69;69690;31;BRUSSIEU
1995;69;69210;32;BULLY
1996;69;69450;191;SAINT CYR AU MONT D OR
1997;69;69210;208;SAINT GERMAIN NUELLES
1998;69;69690;67;COURZIEU
1999;69;69380;76;DOMMARTIN
2000;69;69290;154;POLLIONNAY
2001;69;69890;250;LA TOUR DE SALVAGNY
2002;69;69610;201;SAINTE-FOY-L ARGENTIERE
2003;69;69370;194;SAINT-DIDIER-AU-MONT-D OR
2004;69;69590;238;SAINT SYMPHORIEN SUR COISE
2005;69;69510;249;THURINS
2006;69;69490;173;SARCEY
2007;69;69400;264;VILLEFRANCHE
2008;69;69240;248;THIZY LES BOURGS
2009;69;69380;121;LOZANNE
2010;69;69400;115;LIMAS
2011;69;69380;4;ALIX
2012;69;69400;13;ARNAS
2013;69;69170;243;TARARE
2014;69;69400;92;GLEIZE
2015;69;69830;206;SAINT GEORGES DE RENEINS
2016;69;69220;45;CHARENTAY
2017;69;69480;9;ANSE
2018;69;69870;107;LAMURE SUR AZERGUES
2019;69;69430;196;SAINT-DIDIER-SUR-BEAUJEU
2020;69;69220;19;BELLEVILLE-EN-BEAUJOLAIS
2021;69;69490;200;SAINT-FORGEUX
2022;69;69550;6;AMPLEPUIS
2023;69;69640;265;VILLE SUR JARNIOUX
2024;69;69640;215;SAINT-JULIEN
2025;69;69620;111;LEGNY
2026;69;69620;24;VAL D'OINGT
2027;69;69220;36;CERCIE
2028;69;69480;122;LUCENAY
2029;69;69380;56;CHESSY
2030;69;69480;126;MARCY
2031;70;70300;311;LUXEUIL-LES-BAINS
2032;70;70400;285;HERICOURT
2033;70;70200;310;LURE
2034;70;70300;473;SAINT-SAUVEUR
2035;70;70400;117;CHALONVILLARS
2036;70;70110;561;VILLERSEXEL
2037;70;70400;116;CHAGEY
2038;70;70000;550;VESOUL
2039;70;70000;388;NOIDANS-LES-VESOUL
2040;70;70000;378;NAVENNE
2041;70;70190;447;RIOZ
2042;70;70000;428;PUSEY
2043;70;70000;207;ECHENOZ-LA-MELINE
2044;70;70100;26;ARC-LES-GRAY
2045;71;71000;270;MACON
2046;71;71700;543;TOURNUS
2047;71;71250;137;CLUNY
2048;71;71210;310;MONTCHANIN
2049;71;71390;404;SAINT-DESERT
2050;71;71100;76;CHALON-SUR-SAONE
2051;71;71640;221;GIVRY
2052;71;71100;475;SAINT-REMY
2053;71;71300;306;MONTCEAU LES MINES
2054;71;71230;486;SAINT VALLIER
2055;71;71150;73;CHAGNY
2056;71;71120;106;CHAROLLES
2057;71;71600;342;PARAY LE MONIAL
2058;71;71170;120;CHAUFFAILLES
2059;71;71160;176;DIGOIN
2060;71;71400;14;AUTUN
2061;71;71200;153;LE CREUSOT
2062;71;71450;40;BLANZY
2063;71;71200;479;SAINT SERNIN DU BOIS
2064;71;71500;263;LOUHANS
2065;72;72000;181;LE MANS
2066;72;72230;260;RUAUDIN
2067;72;72700;3;ALLONNES
2068;72;72100;181;LE MANS
2069;72;72250;231;PARIGNE L EVEQUE
2070;72;72230;213;MULSANNE
2071;72;72500;71;MONTVAL-SUR-LOIR
2072;72;72450;241;MONTFORT-LE-GESNOIS
2073;72;72120;269;SAINT CALAIS
2074;72;72220;299;SAINT MARS D OUTILLE
2075;72;72300;264;SABLE SUR SARTHE
2076;72;72430;223;NOYEN SUR SARTHE
2077;72;72200;154;LA FLECHE
2078;72;72800;13;AUBIGNE RACAN
2079;72;72200;84;CLERMONT CREANS
2080;72;72400;132;LA FERTE BERNARD
2081;72;72610;56;CHAMPFLEUR
2082;72;72600;180;MAMERS
2083;72;72170;29;BEAUMONT SUR SARTHE
2084;73;73100;8;AIX LES BAINS
2085;73;73210;150;LA PLAGNE TARENTAISE
2086;73;73190;249;SAINT-JEOIRE-PRIEURE
2087;73;73440;257;LES BELLEVILLE
2088;73;73480;290;VAL CENIS
2089;73;73220;109;EPIERRE
2090;73;73200;11;ALBERTVILLE
2091;73;73450;306;VALLOIRE
2092;73;73130;235;SAINT FRANCOIS LONGCHAMP
2093;73;73450;307;VALMEINIER
2094;73;73490;213;LA RAVOIRE
2095;73;73230;30;BARBY
2096;73;73150;304;VAL-D ISERE
2097;73;73550;15;LES ALLUES
2098;73;73000;65;CHAMBERY
2099;73;73700;176;MONTVALEZAN
2100;73;73320;296;TIGNES
2101;73;73500;157;MODANE
2102;73;73500;23;AUSSOIS
2103;73;73700;54;BOURG-SAINT-MAURICE
2104;73;73100;182;MOUXY
2105;73;73210;6;AIME LA PLAGNE
2106;73;73000;31;BASSENS
2107;73;73620;132;HAUTELUCE
2108;73;73120;227;COURCHEVEL
2109;73;73230;243;SAINT-JEAN-D ARVEY
2110;73;73270;317;VILLARD SUR DORON
2111;73;73410;10;ENTRELACS
2112;73;73420;329;VOGLANS
2113;73;73100;300;TRESSERVE
2114;73;73590;114;FLUMET
2115;73;73290;179;LA MOTTE SERVOLEX
2116;73;73710;206;PRALOGNAN-LA-VANOISE
2117;73;73260;24;LES AVANCHERS VALMOREL
2118;73;73000;29;BARBERAZ
2119;73;73300;13;ALBIEZ-MONTROND
2120;74;74240;133;GAILLARD
2121;74;74330;26;LA BALME DE SILLINGY
2122;74;74600;10;ANNECY
2123;74;74210;123;FAVERGES-SEYTHENEX
2124;74;74000;10;ANNECY
2125;74;74230;160;MANIGOD
2126;74;74960;10;ANNECY
2127;74;74450;136;LE GRAND BORNAND
2128;74;74520;288;VALLEIRY
2129;74;74290;299;VEYRIER-DU-LAC
2130;74;74210;104;DOUSSARD
2131;74;74100;12;ANNEMASSE
2132;74;74940;10;ANNECY
2133;74;74160;201;NEYDENS
2134;74;74370;19;ARGONAY
2135;74;74150;225;RUMILLY
2136;74;74100;298;VETRAZ-MONTHOUX
2137;74;74560;185;MONNETIER-MORNEX
2138;74;74160;82;COLLONGES-SOUS-SALEVE
2139;74;74100;305;VILLE-LA-GRAND
2140;74;74380;153;LUCINGES
2141;74;74380;40;BONNE
2142;74;74330;213;POISY
2143;74;74520;69;CHENEX
2144;74;74160;243;SAINT-JULIEN-EN-GENEVOIS
2145;74;74220;80;LA CLUSAZ
2146;74;74230;280;THONES
2147;74;74370;10;ANNECY
2148;74;74350;6;ALLONZIER-LA-CAILLE
2149;74;74330;112;EPAGNY METZ-TESSY
2150;74;74410;108;DUINGT
2151;74;74350;88;COPPONEX
2152;74;74160;16;ARCHAMPS
2153;74;74570;137;GROISY
2154;74;74580;309;VIRY
2155;74;74290;176;MENTHON-SAINT-BERNARD
2156;74;74400;56;CHAMONIX MONT BLANC
2157;74;74250;311;VIUZ-EN-SALLAZ
2158;74;74120;215;PRAZ SUR ARLY
2159;74;74800;224;LA ROCHE SUR FORON
2160;74;74950;264;SCIONZIER
2161;74;74920;83;COMBLOUX
2162;74;74300;278;THYEZ
2163;74;74170;85;LES CONTAMINES MONTJOIE
2164;74;74130;189;MONT-SAXONNEX
2165;74;74490;205;ONNION
2166;74;74170;236;SAINT GERVAIS LES BAINS
2167;74;74700;256;SALLANCHES
2168;74;74300;14;ARACHES LA FRASSE
2169;74;74310;266;SERVOZ
2170;74;74440;276;TANINGES
2171;74;74260;134;LES GETS
2172;74;74120;173;MEGEVE
2173;74;74130;42;BONNEVILLE
2174;74;74190;208;PASSY
2175;74;74300;81;CLUSES
2176;74;74440;190;MORILLON
2177;74;74970;164;MARIGNIER
2178;74;74340;258;SAMOENS
2179;74;74660;290;VALLORCINE
2180;74;74120;99;DEMI-QUARTIER
2181;74;74800;90;CORNIER
2182;74;74310;143;LES HOUCHES
2183;74;74480;208;PASSY
2184;74;74250;284;LA TOUR
2185;74;74440;183;MIEUSSY
2186;74;74800;7;AMANCY
2187;74;74440;294;VERCHAIX
2188;74;74490;241;SAINT-JEOIRE
2189;74;74700;89;CORDON
2190;74;74800;250;SAINT-PIERRE-EN-FAUCIGNY
2191;74;74130;87;CONTAMINE-SUR-ARVE
2192;74;74130;212;GLIERES-VAL-DE-BORNE
2193;74;74460;169;MARNAZ
2194;74;74500;119;EVIAN-LES-BAINS
2195;74;74500;249;SAINT-PAUL-EN-CHABLAIS
2196;74;74430;238;SAINT-JEAN-D'AULPS
2197;76;76800;575;SAINT-ETIENNE-DU-ROUVRAY
2198;76;76100;540;ROUEN
2199;76;76000;540;ROUEN
2200;76;76240;429;MESNIL-ESNARD (LE)
2201;76;76120;322;GRAND QUEVILLY (LE)
2202;76;76240;103;BONSECOURS
2203;76;76140;498;PETIT QUEVILLY (LE)
2204;76;76650;497;PETIT-COURONNE (LE)
2205;76;76300;681;SOTTEVILLE-LES-ROUEN
2206;76;76320;165;CAUDEBEC-LES-ELBEUF
2207;76;76500;231;ELBEUF
2208;76;76410;705;TOURVILLE-LA-RIVIERE
2209;76;76320;640;SAINT PIERRE LES ELBEUF
2210;76;76920;5;AMFREVILLE-LA-MIVOIE
2211;76;76130;451;MONT-SAINT-AIGNAN
2212;76;76150;410;MAROMME
2213;76;76160;212;DARNETAL
2214;76;76380;157;CANTELEU
2215;76;76360;57;BARENTIN
2216;76;76230;108;BOIS GUILLAUME
2217;76;76160;599;SAINT-LEGER-DU-BOURG-DENIS
2218;76;76250;216;DEVILLE-LES-ROUEN
2219;76;76420;95;BIHOREL
2220;76;76960;474;NOTRE-DAME-DE-BONDEVILLE
2221;76;76360;743;VILLERS ECALLES
2222;76;76200;217;DIEPPE
2223;76;76880;26;ARQUES-LA-BATAILLE
2224;76;76470;711;LE TREPORT
2225;76;76260;255;EU
2226;76;76370;217;DIEPPE
2227;76;76610;351;LE HAVRE
2228;76;76620;351;LE HAVRE
2229;76;76600;351;LE HAVRE
2230;76;76310;552;STE ADRESSE
2231;76;76700;341;HARFLEUR
2232;76;76290;447;MONTIVILLIERS
2233;76;76210;329;GRUCHET-LE-VALASSE
2234;76;76430;647;SAINT-ROMAIN-DE-COLBOSC
2235;76;76700;596;SAINT-LAURENT-DE-BREVEDENT
2236;76;76400;259;FECAMP
2237;76;76210;382;LANQUETOT
2238;76;76170;384;LILLEBONNE
2239;76;76790;254;ETRETAT
2240;76;76330;476;PORT-JEROME-SUR-SEINE
2241;76;76700;305;GONFREVILLE L ORCHER
2242;76;76400;406;MANIQUERVILLE
2243;76;76210;114;BOLBEC
2244;76;76110;141;BREAUTE
2245;76;76440;276;FORGES-LES-EAUX
2246;76;76220;312;GOURNAY-EN-BRAY
2247;76;76490;164;RIVES-EN-SEINE
2248;76;76460;655;SAINT-VALERY-EN-CAUX
2249;76;76190;758;YVETOT
2250;76;76540;637;SAINT-PIERRE-EN-PORT
2251;76;76450;613;SAINT MARTIN AUX BUNEAUX
2252;76;76760;752;YERVILLE
2253;76;76970;325;GREMONVILLE
2254;77;77170;450;SERVON
2255;77;77330;350;OZOIR LA FERRIERE
2256;77;77000;288;MELUN
2257;77;77220;470;TOURNAN-EN-BRIE
2258;77;77000;487;VAUX-LE-PENIL
2259;77;77350;285;LE MEE SUR SEINE
2260;77;77170;53;BRIE COMTE ROBERT
2261;77;77720;82;CHAMPEAUX
2262;77;77380;122;COMBS LA VILLE
2263;77;77127;251;LIEUSAINT
2264;77;77310;407;SAINT-FARGEAU-PONTHIERRY
2265;77;77150;249;LESIGNY
2266;77;77630;22;BARBIZON
2267;77;77220;215;GRETZ-ARMAINVILLIERS
2268;77;77550;384;REAU
2269;77;77176;445;SAVIGNY-LE-TEMPLE
2270;77;77176;326;NANDY
2271;77;77220;377;PRESLES-EN-BRIE
2272;77;77340;373;PONTAULT COMBAULT
2273;77;77390;222;GUIGNES
2274;77;77590;96;CHARTRETTES
2275;77;77190;152;DAMMARIE LES LYS
2276;77;77240;67;CESSON
2277;77;77166;217;GRISY-SUISNES
2278;77;77820;100;CHATELET-EN-BRIE (LE)
2279;77;77000;389;ROCHETTE(LA)
2280;77;77133;266;MACHAULT
2281;77;77680;390;ROISSY-EN-BRIE
2282;77;77310;378;PRINGY
2283;77;77111;457;SOLERS
2284;77;77550;296;MOISSY-CRAMAYEL
2285;77;77130;305;MONTEREAU FAULT YONNE
2286;77;77140;431;SAINT-PIERRE-LES-NEMOURS
2287;77;77690;312;MONTIGNY-SUR-LOING
2288;77;77300;186;FONTAINEBLEAU
2289;77;77390;4;ANDREZEL
2290;77;77210;14;AVON
2291;77;77720;44;BOMBON
2292;77;77140;333;NEMOURS
2293;77;77111;455;SOIGNOLLES-EN-BRIE
2294;77;77850;226;HERICY
2295;77;77170;127;COUBERT
2296;77;77250;316;MORET-LOING-ET-ORVANNE
2297;77;77920;441;SAMOIS SUR SEINE
2298;77;77123;339;NOISY-SUR-ECOLE
2299;77;77173;114;CHEVRY-COSSIGNY
2300;77;77166;175;EVRY-GREGY-SUR-YERRE
2301;77;77390;107;CHAUMES-EN-BRIE
2302;77;77430;79;CHAMPAGNE SUR SEINE
2303;77;77240;447;SEINE-PORT
2304;77;77220;177;FAVIERES
2305;77;77720;317;MORMANT
2306;77;77940;531;VOULX
2307;77;77760;1;ACHERES-LA-FORET
2308;77;77390;81;CHAMPDEUIL
2309;77;77460;458;SOUPPES-SUR-LOING
2310;77;77135;374;PONTCARRE
2311;77;77670;419;SAINT-MAMMES
2312;77;77930;435;SAINT-SAUVEUR-SUR-ECOLE
2313;77;77115;453;SIVRY-COURTRY
2314;77;77590;37;BOIS LE ROI
2315;77;77630;425;SAINT-MARTIN-EN-BIERE
2316;77;77510;385;REBAIS
2317;77;77610;192;FONTENAY-TRESIGNY
2318;77;77120;131;COULOMMIERS
2319;77;77860;382;QUINCY-VOISINS
2320;77;77320;240;JOUY-SUR-MORIN
2321;77;77260;183;LA FERTE SOUS JOUARRE
2322;77;77450;171;ESBLY
2323;77;77730;117;CITRY
2324;77;77840;148;CROUY-SUR-OURCQ
2325;77;77163;318;MORTCERF
2326;77;77540;393;ROZAY-EN-BRIE
2327;77;77440;280;MARY-SUR-MARNE
2328;77;77860;128;COUILLY-PONT-AUX-DAMES
2329;77;77580;142;CRECY LA CHAPELLE
2330;77;77750;24;BASSEVELLE
2331;77;77450;125;CONDE-SAINTE-LIBIAIRE
2332;77;77320;182;FERTE-GAUCHER (LA)
2333;77;77174;510;VILLENEUVE-SAINT-DENIS
2334;77;77139;163;DOUY-LA-RAMEE
2335;77;77169;436;SAINT-SIMEON
2336;77;77120;433;BEAUTHEIL-SAINTS
2337;77;77580;521;VILLIERS-SUR-MORIN
2338;77;77640;238;JOUARRE
2339;77;77130;61;CANNES-ECLUSE
2340;77;77690;202;GENEVRAYE (LA)
2341;77;77410;118;CLAYE-SOUILLY
2342;77;77100;284;MEAUX
2343;77;77400;438;SAINT THIBAULT DES VIGNES
2344;77;77200;468;TORCY
2345;77;77500;108;CHELLES
2346;77;77270;514;VILLEPARISIS
2347;77;77230;259;LONGPERRIER
2348;77;77600;58;BUSSY-SAINT-GEORGES
2349;77;77700;449;SERRIS
2350;77;77144;307;MONTEVRAIN
2351;77;77186;337;NOISIEL
2352;77;77410;5;ANNET-SUR-MARNE
2353;77;77400;372;POMPONNE
2354;77;77090;121;COLLEGIEN
2355;77;77910;483;VARREDDES
2356;77;77400;243;LAGNY-SUR-MARNE
2357;77;77420;83;CHAMPS-SUR-MARNE
2358;77;77184;169;EMERAINVILLE
2359;77;77600;59;BUSSY-SAINT-MARTIN
2360;77;77178;430;SAINT-PATHUS
2361;77;77230;153;DAMMARTIN-EN-GOELE
2362;77;77360;479;VAIRES SUR MARNE
2363;77;77185;258;LOGNES
2364;77;77600;85;CHANTELOUP EN BRIE
2365;77;77700;268;MAGNY-LE-HONGRE
2366;77;77700;132;COUPVRAY
2367;77;77124;513;VILLENOY
2368;77;77400;464;THORIGNY SUR MARNE
2369;77;77700;18;BAILLY-ROMAINVILLIERS
2370;77;77181;363;LE PIN
2371;77;77124;143;CREGY-LES-MEAUX
2372;77;77700;111;CHESSY
2373;77;77230;511;VILLENEUVE SOUS DAMMARTIN
2374;77;77177;55;BROU-SUR-CHANTEREINE
2375;77;77410;517;VILLEVAUDE
2376;77;77164;181;FERRIERES-EN-BRIE
2377;77;77290;294;MITRY MORY
2378;77;77100;330;NANTEUIL-LES-MEAUX
2379;77;77400;155;DAMPMART
2380;77;77230;332;NANTOUILLET
2381;77;77410;94;CHARMENTRAY
2382;77;77470;475;TRILPORT
2383;77;77230;420;SAINT-MARD
2384;77;77165;437;SAINT-SOUPPLETS
2385;77;77178;344;OISSERY
2386;77;77280;349;OTHIS
2387;77;77600;237;JOSSIGNY
2388;77;77181;139;COURTRY
2389;77;77183;146;CROISSY-BEAUBOURG
2390;77;77450;474;TRILBARDOU
2391;77;77400;209;GOUVERNES
2392;77;77470;369;POINCY
2393;77;77400;62;CARNETIN
2394;77;77124;335;CHAUCONIN-NEUFMONTIERS
2395;77;77600;221;GUERMANTES
2396;77;77910;77;CHAMBRY
2397;77;77410;292;MESSY
2398;77;77230;462;THIEUX
2399;77;77450;232;ISLES-LES-VILLENOY
2400;77;77160;379;PROVINS
2401;77;77370;201;GASTINS
2402;77;77370;327;NANGIS
2403;77;77480;325;MOUY-SUR-SEINE
2404;77;77134;347;ORMES-SUR-VOULZIE (LES)
2405;77;77480;321;MOUSSEAUX-LES-BRAY
2406;77;77370;272;MAISON-ROUGE
2407;78;78000;646;VERSAILLES
2408;78;78210;545;SAINT-CYR-L ECOLE
2409;78;78390;73;BOIS D ARCY
2410;78;78220;686;VIROFLAY
2411;78;78180;423;MONTIGNY LE BRETONNEUX
2412;78;78140;640;VELIZY VILLACOUBLAY
2413;78;78190;621;TRAPPES
2414;78;78280;297;GUYANCOURT
2415;78;78330;242;FONTENAY LE FLEURY
2416;78;78150;158;LE CHESNAY-ROCQUENCOURT
2417;78;78350;322;JOUY EN JOSAS
2418;78;78530;117;BUC
2419;78;78117;143;CHATEAUFORT
2420;78;78160;372;MARLY-LE-ROI
2421;78;78110;650;VESINET (LE)
2422;78;78370;490;PLAISIR
2423;78;78340;165;CLAYES-SOUS-BOIS (LES)
2424;78;78600;358;MAISONS-LAFFITTE
2425;78;78500;586;SARTROUVILLE
2426;78;78430;350;LOUVECIENNES
2427;78;78290;190;CROISSY SUR SEINE
2428;78;78420;124;CARRIERES SUR SEINE
2429;78;78800;311;HOUILLES
2430;78;78620;224;ETANG-LA-VILLE (L )
2431;78;78400;146;CHATOU
2432;78;78450;674;VILLEPREUX
2433;78;78560;502;PORT-MARLY (LE)
2434;78;78360;418;MONTESSON
2435;78;78600;396;MESNIL-LE-ROI (LE)
2436;78;78380;92;BOUGIVAL
2437;78;78170;126;CELLE-SAINT-CLOUD (LA)
2438;78;78590;455;NOISY LE ROI
2439;78;78860;571;SAINT-NOM-LA-BRETECHE
2440;78;78450;152;CHAVENAY
2441;78;78870;43;BAILLY
2442;78;78810;233;FEUCHEROLLES
2443;78;78700;172;CONFLANS SAINTE HONORINE
2444;78;78780;382;MAURECOURT
2445;78;78230;481;PECQ (LE)
2446;78;78570;15;ANDRESY
2447;78;78100;551;SAINT-GERMAIN-EN-LAYE
2448;78;78630;466;ORGEVAL
2449;78;78580;380;MAULE
2450;78;78300;498;POISSY
2451;78;78510;624;TRIEL SUR SEINE
2452;78;78250;401;MEULAN-EN-YVELINES
2453;78;78955;123;CARRIERES SOUS POISSY
2454;78;78480;642;VERNEUIL SUR SEINE
2455;78;78130;440;MUREAUX (LES)
2456;78;78260;5;ACHERES
2457;78;78750;367;MAREIL-MARLY
2458;78;78670;672;VILLENNES-SUR-SEINE
2459;78;78540;643;VERNOUILLET
2460;78;78410;29;AUBERGENVILLE
2461;78;78410;90;BOUAFLE
2462;78;78570;138;CHANTELOUP-LES-VIGNES
2463;78;78630;431;MORAINVILLIERS
2464;78;78920;206;ECQUEVILLY
2465;78;78112;551;SAINT-GERMAIN-EN-LAYE
2466;78;78740;638;VAUX-SUR-SEINE
2467;78;78250;403;MEZY-SUR-SEINE
2468;78;78240;133;CHAMBOURCY
2469;78;78121;189;CRESPIERES
2470;78;78410;451;NEZEL
2471;78;78410;238;FLINS-SUR-SEINE
2472;78;78680;217;EPONE
2473;78;78200;361;MANTES-LA-JOLIE
2474;78;78200;118;BUCHELAY
2475;78;78970;402;MEZIERES-SUR-SEINE
2476;78;78711;362;MANTES-LA-VILLE
2477;78;78550;310;HOUDAN
2478;78;78440;246;FONTENAY-SAINT-PERE
2479;78;78520;335;LIMAY
2480;78;78440;314;ISSOU
2481;78;78840;255;FRENEUSE
2482;78;78550;381;MAULETTE
2483;78;78200;484;PERDREAUVILLE
2484;78;78270;57;BENNECOURT
2485;78;78440;267;GARGENVILLE
2486;78;78790;591;SEPTEUIL
2487;78;78550;520;RICHEBOURG
2488;78;78270;89;BONNIERES-SUR-SEINE
2489;78;78270;337;LIMETZ-VILLEZ
2490;78;78930;291;GUERVILLE
2491;78;78820;327;JUZIERS
2492;78;78790;565;SAINT-MARTIN-DES-CHAMPS
2493;78;78200;354;MAGNANVILLE
2494;78;78910;474;ORVILLIERS
2495;78;78310;383;MAUREPAS
2496;78;78990;208;ELANCOURT
2497;78;78720;128;CERNAY-LA-VILLE
2498;78;78320;397;MESNIL-SAINT-DENIS (LE)
2499;78;78114;356;MAGNY-LES-HAMEAUX
2500;78;78120;517;RAMBOUILLET
2501;78;78610;562;SAINT-LEGER-EN-YVELINES
2502;78;78690;220;ESSARTS-LE-ROI (LES)
2503;78;78650;62;BEYNES
2504;78;78770;616;THOIRY
2505;78;78760;321;JOUARS-PONTCHARTRAIN
2506;78;78490;262;GALLUIS
2507;78;78640;550;SAINT-GERMAIN-DE-LA-GRANGE
2508;78;78640;442;NEAUPHLE-LE-CHATEAU
2509;78;78460;160;CHEVREUSE
2510;78;78730;537;SAINT-ARNOULT-EN-YVELINES
2511;78;78490;366;MAREIL-LE-GUYON
2512;78;78490;398;MESNULS (LES)
2513;78;78470;575;SAINT-REMY-LES-CHEVREUSE
2514;78;78960;688;VOISINS-LE-BRETONNEUX
2515;78;78940;513;QUEUE-LES-YVELINES (LA)
2516;78;78125;269;GAZERAN
2517;78;78310;168;COIGNIERES
2518;78;78490;420;MONTFORT-L AMAURY
2519;78;78830;120;BULLION
2520;78;78640;683;VILLIERS-SAINT-FREDERIC
2521;78;78610;486;PERRAY-EN-YVELINES (LE)
2522;78;78490;623;TREMBLAY-SUR-MAULDRE (LE)
2523;78;78830;87;BONNELLES
2524;78;78320;644;VERRIERE (LA)
2525;78;78730;522;ROCHEFORT-EN-YVELINES
2526;78;78720;193;DAMPIERRE-EN-YVELINES
2527;79;79200;202;PARTHENAY
2528;79;79000;191;NIORT
2529;79;79400;114;EXIREUIL
2530;79;79180;81;CHAURAY
2531;79;79400;270;ST MAIXENT L ECOLE
2532;79;79340;124;LES FORGES
2533;79;79300;49;BRESSUIRE
2534;79;79270;130;FRONTENAY-ROHAN-ROHAN
2535;80;80000;21;AMIENS
2536;80;80090;21;AMIENS
2537;80;80330;489;LONGUEAU
2538;80;80680;702;SAINT-FUSCIEN
2539;80;80080;21;AMIENS
2540;80;80800;212;CORBIE
2541;80;80450;164;CAMON
2542;80;80160;627;PLACHY-BUYON
2543;80;80120;333;FORT-MAHON-PLAGE
2544;80;80550;228;LE CROTOY
2545;80;80410;182;CAYEUX-SUR-MER
2546;80;80600;253;DOULLENS
2547;80;80120;649;QUEND
2548;80;80130;368;FRIVILLE-ESCARBOTIN
2549;80;80350;533;MERS-LES-BAINS
2550;80;80460;39;AULT
2551;80;80100;1;ABBEVILLE
2552;80;80460;826;WOIGNARUE
2553;80;80230;721;SAINT-VALERY-SUR-SOMME
2554;80;80700;685;ROYE
2555;80;80170;524;MEHARICOURT
2556;80;80250;10;AILLY-SUR-NOYE
2557;80;80300;16;ALBERT
2558;80;80200;620;PERONNE
2559;81;81000;4;ALBI
2560;81;81310;145;LISLE-SUR-TARN
2561;81;81160;257;SAINT JUERY
2562;81;81100;65;CASTRES
2563;81;81200;163;MAZAMET
2564;81;81370;271;SAINT-SULPICE-LA-POINTE
2565;82;82200;112;MOISSAC
2566;82;82000;121;MONTAUBAN
2567;82;82290;96;LA VILLE DIEU DU TEMPLE
2568;82;82100;33;CASTELSARRASIN
2569;82;82500;13;BEAUMONT DE LOMAGNE
2570;82;82410;161;ST-ETIENNE-DE-TULMONT
2571;82;82700;125;MONTECH
2572;82;82290;124;MONTBETON
2573;82;82600;190;VERDUN-SUR-GARONNE
2574;82;82300;37;CAUSSADE
2575;82;82140;155;SAINT ANTONIN NOBLE VAL
2576;82;82170;75;GRISOLLES
2577;83;83600;61;FREJUS
2578;83;83300;50;DRAGUIGNAN
2579;83;83310;68;GRIMAUD
2580;83;83700;118;SAINT RAPHAEL
2581;83;83310;42;COGOLIN
2582;83;83990;119;SAINT TROPEZ
2583;83;83380;107;ROQUEBRUNE-SUR-ARGENS
2584;83;83420;48;LA CROIX VALMER
2585;83;83120;115;SAINTE MAXIME
2586;83;83520;107;ROQUEBRUNE-SUR-ARGENS
2587;83;83490;86;LE MUY
2588;83;83480;99;PUGET-SUR-ARGENS
2589;83;83350;101;RAMATUELLE
2590;83;83530;118;SAINT RAPHAEL
2591;83;83240;36;CAVALAIRE-SUR-MER
2592;83;83370;61;FREJUS
2593;83;83600;1;LES ADRETS DE L ESTEREL
2594;83;83600;8;BAGNOLS-EN-FORET
2595;83;83570;51;ENTRECASTEAUX
2596;83;83440;29;CALLIAN
2597;83;83170;23;BRIGNOLES
2598;83;83440;55;FAYENCE
2599;83;83440;124;SEILLANS
2600;83;83510;72;LORGUES
2601;83;83670;12;BARJOLS
2602;83;83440;81;MONTAUROUX
2603;83;83170;140;TOURVES
2604;83;83136;64;GAREOULT
2605;83;83830;11;BARGEMON
2606;83;83830;41;CLAVIERS
2607;83;83340;31;LE CANNET DES MAURES
2608;83;83440;138;TOURRETTES
2609;83;83590;67;GONFARON
2610;83;83460;4;LES ARCS
2611;83;83560;104;RIANS
2612;83;83136;106;ROCBARON
2613;83;83340;73;LE LUC
2614;83;83570;83;MONTFORT SUR ARGENS
2615;83;83690;121;SALERNES
2616;83;83550;148;VIDAUBAN
2617;83;83340;26;CABASSE
2618;83;83170;110;ROUGIERS
2619;83;83131;82;MONTFERRAT
2620;83;83690;139;TOURTOUR
2621;83;83470;116;ST MAXIMIN LA STE BAUME
2622;83;83130;62;LA GARDE
2623;83;83500;126;LA SEYNE SUR MER
2624;83;83200;137;TOULON
2625;83;83000;137;TOULON
2626;83;83140;129;SIX-FOURS-LES-PLAGES
2627;83;83160;144;LA VALETTE DU VAR
2628;83;83220;98;LE PRADET
2629;83;83100;137;TOULON
2630;83;83430;153;SAINT-MANDRIER-SUR-MER
2631;83;83200;103;LE REVEST LES EAUX
2632;83;83980;70;LE LAVANDOU
2633;83;83320;34;CARQUEIRANNE
2634;83;83150;9;BANDOL
2635;83;83110;123;SANARY SUR MER
2636;83;83210;130;SOLLIES-PONT
2637;83;83400;69;HYERES
2638;83;83330;16;LE BEAUSSET
2639;83;83270;112;SAINT-CYR-SUR-MER
2640;83;83250;71;LA LONDE LES MAURES
2641;83;83740;27;LA CADIERE D AZUR
2642;83;83190;90;OLLIOULES
2643;83;83230;19;BORMES-LES-MIMOSAS
2644;83;83210;54;LA FARLEDE
2645;83;83260;47;LA CRAU
2646;83;83390;100;PUGET-VILLE
2647;83;83390;49;CUERS
2648;83;83330;53;EVENOS
2649;83;83390;91;PIERREFEU-DU-VAR
2650;83;83210;17;BELGENTIER
2651;83;83210;132;SOLLIES-VILLE
2652;83;83210;131;SOLLIES-TOUCAS
2653;83;83660;33;CARNOULES
2654;83;83870;127;SIGNES
2655;83;83330;35;LE CASTELLET
2656;83;83610;43;COLLOBRIERES
2657;84;84200;31;CARPENTRAS
2658;84;84000;7;AVIGNON
2659;84;84170;80;MONTEUX
2660;84;84140;7;AVIGNON
2661;84;84410;17;BEDOIN
2662;84;84700;129;SORGUES
2663;84;84130;92;LE PONTET
2664;84;84310;81;MORIERES LES AVIGNON
2665;84;84210;88;PERNES LES FONTAINES
2666;84;84370;16;BEDARRIDES
2667;84;84260;122;SARRIANS
2668;84;84270;141;VEDENE
2669;84;84350;39;COURTHEZON
2670;84;84810;4;AUBIGNAN
2671;84;84320;43;ENTRAIGUES-SUR-LA-SORGUE
2672;84;84330;30;CAROMB
2673;84;84570;70;MALEMORT-DU-COMTAT
2674;84;84530;147;VILLELAURE
2675;84;84400;3;APT
2676;84;84800;54;L ISLE SUR LA SORGUE
2677;84;84120;89;PERTUIS
2678;84;84360;65;LAURIS
2679;84;84300;35;CAVAILLON
2680;84;84250;132;LE THOR
2681;84;84240;133;LA TOUR D AIGUES
2682;84;84800;124;SAUMANE-DE-VAUCLUSE
2683;84;84750;144;VIENS
2684;84;84490;118;SAINT-SATURNIN LES APT
2685;84;84470;36;CHATEAUNEUF-DE-GADAGNE
2686;84;84240;9;LA BASTIDE DES JOURDANS
2687;84;84360;74;MERINDOL
2688;84;84100;87;ORANGE
2689;84;84290;106;SAINTE-CECILE-LES-VIGNES
2690;84;84500;19;BOLLENE
2691;84;84150;56;JONQUIERES
2692;84;84190;136;VACQUEYRAS
2693;84;84110;137;VAISON-LA-ROMAINE
2694;84;84820;150;VISAN
2695;84;84330;8;BARROUX (LE)
2696;84;84550;83;MORNAS
2697;84;84340;69;MALAUCENE
2698;84;84190;12;BEAUMES-DE-VENISE
2699;84;84230;37;CHATEAUNEUF-DU-PAPE
2700;84;84830;127;SERIGNAN-DU-COMTAT
2701;85;85000;191;ROCHE SUR YON (LA)
2702;85;85660;262;SAINT-PHILBERT-DE-BOUAINE
2703;85;85140;84;ESSARTS EN BOCAGE
2704;85;85600;146;MONTAIGU-VENDEE
2705;85;85110;51;CHANTONNAY
2706;85;85260;38;BROUZILS (LES)
2707;85;85620;190;ROCHESERVIERE
2708;85;85250;215;SAINT-FULGENT
2709;85;85500;109;HERBIERS (LES)
2710;85;85290;151;MORTAGNE-SUR-SEVRE
2711;85;85200;92;FONTENAY-LE-COMTE
2712;85;85400;128;LUCON
2713;85;85460;1;AIGUILLON-SUR-MER (L )
2714;85;85560;127;LONGEVILLE-SUR-MER
2715;85;85440;288;TALMONT-SAINT-HILAIRE
2716;85;85470;35;BRETIGNOLLES-SUR-MER
2717;85;85270;226;SAINT-HILAIRE-DE-RIEZ
2718;85;85100;194;SABLES-D'OLONNE (LES)
2719;85;85180;194;SABLES-D'OLONNE (LES)
2720;85;85800;222;SAINT-GILLES-CROIX-DE-VIE
2721;85;85460;307;FAUTE-SUR-MER (LA)
2722;85;85360;294;TRANCHE-SUR-MER (LA)
2723;85;85520;114;JARD-SUR-MER
2724;85;85340;194;SABLES-D'OLONNE (LES)
2725;85;85520;278;SAINT-VINCENT-SUR-JARD
2726;85;85150;298;VAIRE
2727;85;85150;152;LES ACHARDS
2728;85;85300;47;CHALLANS
2729;85;85230;18;BEAUVOIR-SUR-MER
2730;85;85330;163;NOIRMOUTIER-EN-L'ILE
2731;85;85160;234;SAINT-JEAN-DE-MONTS
2732;85;85690;164;NOTRE-DAME-DE-MONTS
2733;85;85630;11;BARBATRE
2734;85;85550;12;BARRE-DE-MONTS (LA)
2735;86;86000;194;POITIERS
2736;86;86360;62;CHASSENEUIL-DU-POITOU
2737;86;86550;157;MIGNALOUX-BEAUVOIR
2738;86;86240;100;FONTAINE-LE-COMTE
2739;86;86180;41;BUXEROLLES
2740;86;86100;66;CHATELLERAULT
2741;86;86270;207;LA ROCHE POSAY
2742;86;86410;34;BOURESSE
2743;86;86300;70;CHAUVIGNY
2744;87;87170;75;ISLE
2745;87;87000;85;LIMOGES
2746;87;87100;85;LIMOGES
2747;87;87500;187;ST YRIEIX LA PERCHE
2748;87;87400;161;ST-LEONARD-DE-NOBLAT
2749;87;87250;14;BESSINES-SUR-GARTEMPE
2750;87;87280;85;LIMOGES
2751;87;87270;50;COUZEIX
2752;88;88190;209;GOLBEY
2753;88;88000;160;EPINAL
2754;88;88220;225;HADOL
2755;88;88390;126;DARNIEULLES
2756;88;88800;516;VITTEL
2757;88;88150;465;CAPAVENIR VOSGES
2758;88;88270;122;DAMAS-ET-BETTEGNEY
2759;88;88000;87;CHANTRAINE
2760;88;88000;132;DEYVILLERS
2761;88;88000;273;LONGCHAMP
2762;88;88140;114;CONTREXEVILLE
2763;88;88500;304;MIRECOURT
2764;88;88300;321;NEUFCHATEAU
2765;88;88460;101;CHENIMENIL
2766;88;88270;347;PIERREFITTE
2767;88;88390;178;LES FORGES
2768;88;88390;201;GIRANCOURT
2769;88;88350;270;LIFFOL-LE-GRAND
2770;88;88600;262;LAVELINE-DEVANT-BRUYERES
2771;88;88700;367;RAMBERVILLERS
2772;88;88000;253;JEUXEY
2773;88;88230;181;FRAIZE
2774;88;88230;349;PLAINFAING
2775;88;88110;372;RAON L ETAPE
2776;88;88400;531;XONRUPT-LONGEMER
2777;88;88400;196;GERARDMER
2778;88;88100;341;PAIR-ET-GRANDRUPT
2779;88;88100;413;SAINT DIE DES VOSGES
2780;88;88100;424;SAINTE-MARGUERITE
2781;88;88580;445;SAULCY-SUR-MEURTHE
2782;88;88420;319;MOYENMOUTIER
2783;88;88430;198;GERBEPAL
2784;88;88530;177;LA FORGE
2785;88;88310;500;VENTRON
2786;88;88540;81;BUSSANG
2787;88;88250;75;LA BRESSE
2788;88;88200;383;REMIREMONT
2789;88;88160;369;RAMONCHAMP
2790;88;88360;408;RUPT-SUR-MOSELLE
2791;88;88200;429;SAINT-NABORD
2792;88;88160;468;LE THILLOT
2793;88;88120;486;VAGNEY
2794;88;88120;442;SAPOIS
2795;88;88310;116;CORNIMONT
2796;88;88200;415;ST-ETIENNE-LES-REMIREMONT
2797;88;88550;358;POUXEUX
2798;89;89000;24;AUXERRE
2799;89;89000;346;ST GEORGES SUR BAULCHE
2800;89;89700;418;TONNERRE
2801;89;89240;102;CHEVANNES
2802;89;89290;438;VENOY
2803;89;89420;267;MONTREAL
2804;89;89200;25;AVALLON
2805;89;89500;464;VILLENEUVE SUR YONNE
2806;89;89100;287;PARON
2807;89;89100;338;ST CLEMENT
2808;89;89100;387;SENS
2809;89;89150;380;SAVIGNY SUR CLAIRIS
2810;89;89150;370;ST VALERIEN
2811;89;89100;239;MALAY LE GRAND
2812;89;89260;414;THORIGNY-SUR-OREUSE
2813;89;89690;100;CHEROY
2814;90;90000;10;BELFORT
2815;90;90300;75;OFFEMONT
2816;90;90500;9;BEAUCOURT
2817;91;91070;86;BONDOUFLE
2818;91;91100;174;CORBEIL ESSONNES
2819;91;91800;97;BOUSSY-SAINT-ANTOINE
2820;91;91800;114;BRUNOY
2821;91;91000;228;EVRY-COURCOURONNES
2822;91;91450;225;ETIOLLES
2823;91;91540;386;MENNECY
2824;91;91100;659;VILLABE
2825;91;91330;691;YERRES
2826;91;91830;179;COUDRAY-MONTCEAUX (LE)
2827;91;91610;45;BALLANCOURT-SUR-ESSONNE
2828;91;91280;573;SAINT-PIERRE-DU-PERRAY
2829;91;91210;201;DRAVEIL
2830;91;91480;631;VARENNES-JARCY
2831;91;91560;191;CROSNE
2832;91;91230;421;MONTGERON
2833;91;91450;600;SOISY-SUR-SEINE
2834;91;91270;657;VIGNEUX SUR SEINE
2835;91;91540;244;FONTENAY-LE-VICOMTE
2836;91;91250;553;SAINT-GERMAIN-LES-CORBEIL
2837;91;91090;340;LISSES
2838;91;91250;577;SAINTRY-SUR-SEINE
2839;91;91130;521;RIS-ORANGIS
2840;91;91710;649;VERT LE PETIT
2841;91;91860;215;EPINAY-SOUS-SENART
2842;91;91480;514;QUINCY-SOUS-SENART
2843;91;91080;228;EVRY-COURCOURONNES
2844;91;91540;468;ORMOY
2845;91;91250;617;TIGERY
2846;91;91750;135;CHAMPCUEIL
2847;91;91810;648;VERT LE GRAND
2848;91;91600;589;SAVIGNY-SUR-ORGE
2849;91;91200;27;ATHIS MONS
2850;91;91260;326;JUVISY SUR ORGE
2851;91;91700;549;SAINTE-GENEVIEVE-DES-BOIS
2852;91;91160;345;LONGJUMEAU
2853;91;91300;377;MASSY
2854;91;91420;432;MORANGIS
2855;91;91320;689;WISSOUS
2856;91;91380;161;CHILLY MAZARIN
2857;91;91160;587;SAULX-LES-CHARTREUX
2858;91;91160;44;BALLAINVILLIERS
2859;91;91170;687;VIRY CHATILLON
2860;91;91700;685;VILLIERS-SUR-ORGE
2861;91;91390;434;MORSANG-SUR-ORGE
2862;91;91350;286;GRIGNY
2863;91;91360;667;VILLEMOISSON-S-ORGE
2864;91;91550;479;PARAY-VIEILLE-POSTE
2865;91;91360;216;EPINAY SUR ORGE
2866;91;91160;136;CHAMPLAN
2867;91;91700;235;FLEURY-MEROGIS
2868;91;91240;570;SAINT-MICHEL-SUR-ORGE
2869;91;91310;425;MONTLHERY
2870;91;91310;339;LINAS
2871;91;91220;103;BRETIGNY SUR ORGE
2872;91;91630;156;CHEPTAINVILLE
2873;91;91290;21;ARPAJON
2874;91;91770;579;SAINT-VRAIN
2875;91;91520;207;EGLY
2876;91;91310;347;LONGPONT-SUR-ORGE
2877;91;91290;457;LA NORVILLE
2878;91;91680;115;BRUYERES-LE-CHATEL
2879;91;91180;552;SAINT-GERMAIN-LES-ARPAJON
2880;91;91340;461;OLLAINVILLE
2881;91;91310;333;LEUVILLE-SUR-ORGE
2882;91;91220;494;LE PLESSIS PATE
2883;91;91630;332;LEUDEVILLE
2884;91;91630;376;MAROLLES-EN-HUREPOIX
2885;91;91150;223;ETAMPES
2886;91;91820;99;BOUTIGNY-SUR-ESSONNE
2887;91;91790;85;BOISSY-SOUS-SAINT-YON
2888;91;91150;469;ORMOY-LA-RIVIERE
2889;91;91580;226;ETRECHY
2890;91;91840;599;SOISY-SUR-ECOLE
2891;91;91410;200;DOURDAN
2892;91;91690;533;SACLAS
2893;91;91490;405;MILLY-LA-FORET
2894;91;91740;511;PUSSAY
2895;91;91410;525;ROINVILLE-SOUS-DOURDAN
2896;91;91590;47;BAULNE
2897;91;91410;175;CORBREUSE
2898;91;91590;232;FERTE-ALAIS (LA)
2899;91;91590;129;CERNY
2900;91;91150;433;MORIGNY-CHAMPIGNY
2901;91;91590;293;GUIGNEVILLE
2902;91;91510;330;LARDY
2903;91;91590;198;D   HUISON LONGUEVILLE
2904;91;91850;95;BOURAY-SUR-JUINE
2905;91;91490;180;COURANCES
2906;91;91650;105;BREUILLET
2907;91;91150;109;BRIERES-LES-SCELLES
2908;91;91720;359;MAISSE
2909;91;91530;630;VAL-SAINT-GERMAIN (LE)
2910;91;91410;546;SAINT-CYR-SOUS-DOURDAN
2911;91;91760;315;ITTEVILLE
2912;91;91650;581;SAINT-YON
2913;91;91730;132;CHAMARANDE
2914;91;91820;639;VAYRES-SUR-ESSONNE
2915;91;91590;80;BOISSY-LE-CUTTE
2916;91;91580;671;VILLENEUVE-SUR-AUVERS
2917;91;91470;17;ANGERVILLIERS
2918;91;91670;16;ANGERVILLE
2919;91;91460;363;MARCOUSSIS
2920;91;91640;111;BRIIS-SOUS-FORGES
2921;91;91400;471;ORSAY
2922;91;91190;272;GIF SUR YVETTE
2923;91;91120;477;PALAISEAU
2924;91;91470;249;FORGES-LES-BAINS
2925;91;91940;692;LES ULIS
2926;91;91570;64;BIEVRES
2927;91;91620;458;NOZAY
2928;91;91440;122;BURES SUR YVETTE
2929;91;91470;338;LIMOURS
2930;91;91430;312;IGNY
2931;91;91370;645;VERRIERES LE BUISSON
2932;91;91620;665;VILLE-DU-BOIS (LA)
2933;91;91140;661;VILLEBON SUR YVETTE
2934;91;91640;634;VAUGRIGNEUSE
2935;91;91400;274;GOMETZ-LA-VILLE
2936;91;91190;679;VILLIERS-LE-BACLE
2937;91;91940;275;GOMETZ-LE-CHATEL
2938;91;91140;666;VILLEJUST
2939;91;91940;560;SAINT-JEAN-DE-BEAUREGARD
2940;91;91400;534;SACLAY
2941;92;92800;62;PUTEAUX
2942;92;92500;63;RUEIL-MALMAISON
2943;92;92150;73;SURESNES
2944;92;92000;50;NANTERRE
2945;92;92400;26;COURBEVOIE
2946;92;92270;9;BOIS-COLOMBES
2947;92;92250;35;LA GARENNE-COLOMBES
2948;92;92600;4;ASNIERES-SUR-SEINE
2949;92;92230;36;GENNEVILLIERS
2950;92;92700;25;COLOMBES
2951;92;92390;78;VILLENEUVE-LA-GARENNE
2952;92;92300;44;LEVALLOIS-PERRET
2953;92;92110;24;CLICHY
2954;92;92200;51;NEUILLY-SUR-SEINE
2955;92;92100;12;BOULOGNE-BILLANCOURT
2956;92;92420;76;VAUCRESSON
2957;92;92380;33;GARCHES
2958;92;92210;64;SAINT-CLOUD
2959;92;92360;48;MEUDON
2960;92;92310;72;SEVRES
2961;92;75016;12;BOULOGNE-BILLANCOURT
2962;92;92190;48;MEUDON
2963;92;92410;77;VILLE-D'AVRAY
2964;92;92370;22;CHAVILLE
2965;92;92290;19;CHATENAY-MALABRY
2966;92;92340;14;BOURG-LA-REINE
2967;92;92130;40;ISSY-LES-MOULINEAUX
2968;92;92120;49;MONTROUGE
2969;92;92260;32;FONTENAY-AUX-ROSES
2970;92;92140;23;CLAMART
2971;92;92160;2;ANTONY
2972;92;92170;75;VANVES
2973;92;92330;71;SCEAUX
2974;92;92350;60;LE PLESSIS-ROBINSON
2975;92;92320;20;CHATILLON
2976;92;92220;7;BAGNEUX
2977;92;92240;46;MALAKOFF
2978;93;93310;61;LE PRE-SAINT-GERVAIS
2979;93;93230;63;ROMAINVILLE
2980;93;93260;45;LES LILAS
2981;93;93170;6;BAGNOLET
2982;93;93130;53;NOISY-LE-SEC
2983;93;93000;8;BOBIGNY
2984;93;93320;57;LES PAVILLONS-SOUS-BOIS
2985;93;93700;29;DRANCY
2986;93;93140;10;BONDY
2987;93;93500;55;PANTIN
2988;93;93400;70;SAINT-OUEN-SUR-SEINE
2989;93;93300;1;AUBERVILLIERS
2990;93;93200;66;SAINT-DENIS
2991;93;93120;27;LA COURNEUVE
2992;93;93800;31;EPINAY SUR SEINE
2993;93;93210;66;SAINT-DENIS
2994;93;93380;59;PIERREFITTE-SUR-SEINE
2995;93;93240;72;STAINS
2996;93;93350;13;LE BOURGET
2997;93;93430;79;VILLETANEUSE
2998;93;93450;39;L'ILE-SAINT-DENIS
2999;93;93440;30;DUGNY
3000;93;93410;74;VAUJOURS
3001;93;93290;73;TREMBLAY-EN-FRANCE
3002;93;93470;15;COUBRON
3003;93;93270;71;SEVRAN
3004;93;93390;14;CLICHY SOUS BOIS
3005;93;93190;46;LIVRY-GARGAN
3006;93;93600;5;AULNAY SOUS BOIS
3007;93;93420;78;VILLEPINTE
3008;93;93150;7;LE BLANC-MESNIL
3009;93;93330;50;NEUILLY-SUR-MARNE
3010;93;93360;49;NEUILLY-PLAISANCE
3011;93;93220;32;GAGNY
3012;93;93160;51;NOISY-LE-GRAND
3013;93;93460;33;GOURNAY SUR MARNE
3014;93;93340;62;LE RAINCY
3015;93;93370;47;MONTFERMEIL
3016;93;93100;48;MONTREUIL
3017;93;93110;64;ROSNY-SOUS-BOIS
3018;93;93250;77;VILLEMOMBLE
3019;94;94410;69;ST MAURICE
3020;94;94210;68;SAINT-MAUR-DES-FOSSES
3021;94;94100;68;SAINT-MAUR-DES-FOSSES
3022;94;94340;42;JOINVILLE-LE-PONT
3023;94;94140;2;ALFORTVILLE
3024;94;94700;46;MAISONS-ALFORT
3025;94;94220;18;CHARENTON-LE-PONT
3026;94;94000;28;CRETEIL
3027;94;94380;11;BONNEUIL-SUR-MARNE
3028;94;94200;41;IVRY-SUR-SEINE
3029;94;94230;16;CACHAN
3030;94;94270;43;LE KREMLIN-BICETRE
3031;94;94800;76;VILLEJUIF
3032;94;94260;34;FRESNES
3033;94;94600;22;CHOISY-LE-ROI
3034;94;94400;81;VITRY-SUR-SEINE
3035;94;94320;73;THIAIS
3036;94;94240;38;L'HAY-LES-ROSES
3037;94;94310;54;ORLY
3038;94;94550;21;CHEVILLY-LARUE
3039;94;94150;65;RUNGIS
3040;94;94250;37;GENTILLY
3041;94;94110;3;ARCUEIL
3042;94;94190;78;VILLENEUVE-SAINT-GEORGES
3043;94;94520;56;PERIGNY
3044;94;94470;4;BOISSY-SAINT-LEGER
3045;94;94460;74;VALENTON
3046;94;94430;19;CHENNEVIERES SUR MARNE
3047;94;94510;60;LA QUEUE-EN-BRIE
3048;94;94350;79;VILLIERS-SUR-MARNE
3049;94;94370;71;SUCY-EN-BRIE
3050;94;94450;44;LIMEIL-BREVANNES
3051;94;94440;75;VILLECRESNES
3052;94;94480;1;ABLON-SUR-SEINE
3053;94;94420;59;LE PLESSIS-TREVISE
3054;94;94520;47;MANDRES-LES-ROSES
3055;94;94290;77;VILLENEUVE-LE-ROI
3056;94;94880;53;NOISEAU
3057;94;94440;70;SANTENY
3058;94;94490;55;ORMESSON-SUR-MARNE
3059;94;94440;48;MAROLLES-EN-BRIE
3060;94;94130;52;NOGENT-SUR-MARNE
3061;94;94300;80;VINCENNES
3062;94;94360;15;BRY-SUR-MARNE
3063;94;94160;67;SAINT-MANDE
3064;94;94120;33;FONTENAY-SOUS-BOIS
3065;94;94170;58;LE PERREUX-SUR-MARNE
3066;94;94500;17;CHAMPIGNY-SUR-MARNE
3067;95;95300;500;PONTOISE
3068;95;95180;388;MENUCOURT
3069;95;95610;218;ERAGNY-SUR-OISE
3070;95;95310;572;ST OUEN L AUMONE
3071;95;95590;452;NOINTEL
3072;95;95430;39;AUVERS-SUR-OISE
3073;95;95290;313;L'ISLE-ADAM
3074;95;95000;127;CERGY
3075;95;95480;488;PIERRELAYE
3076;95;95280;323;JOUY-LE-MOUTIER
3077;95;95520;476;OSNY
3078;95;95800;127;CERGY
3079;95;95260;52;BEAUMONT-SUR-OISE
3080;95;95630;392;MERIEL
3081;95;95540;394;MERY-SUR-OISE
3082;95;95620;480;PARMAIN
3083;95;95830;177;CORMEILLES-EN-VEXIN
3084;95;95800;183;COURDIMANCHE
3085;95;95420;355;MAGNY-EN-VEXIN
3086;95;95490;637;VAUREAL
3087;95;95000;500;PONTOISE
3088;95;95660;134;CHAMPAGNE SUR-OISE
3089;95;95750;142;CHARS
3090;95;95300;211;ENNERY
3091;95;95340;487;PERSAN
3092;95;95650;78;BOISSY-L'AILLERIE
3093;95;95640;370;MARINES
3094;95;95840;678;VILLIERS-ADAM
3095;95;95760;628;VALMONDOIS
3096;95;95780;523;LA ROCHE-GUYON
3097;95;95420;270;GENAINVILLE
3098;95;95820;116;BRUYERES-SUR-OISE
3099;95;95690;328;LABBEVILLE
3100;95;95510;651;VETHEUIL
3101;95;95190;280;GOUSSAINVILLE
3102;95;95270;56;BELLOY-EN-FRANCE
3103;95;95500;277;GONESSE
3104;95;95330;199;DOMONT
3105;95;95400;19;ARNOUVILLE
3106;95;95700;527;ROISSY-EN-FRANCE
3107;95;95350;539;SAINT-BRICE-SOUS-FORET
3108;95;95140;268;GARGES-LES-GONESSE
3109;95;95440;205;ECOUEN
3110;95;95500;612;LE THILLAY
3111;95;95200;585;SARCELLES
3112;95;95560;430;MONTSOULT
3113;95;95470;580;SAINT-WITZ
3114;95;95460;229;EZANVILLE
3115;95;95570;91;BOUFFEMONT
3116;95;95560;353;MAFFLIERS
3117;95;95560;42;BAILLET-EN-FRANCE
3118;95;95380;351;LOUVRES
3119;95;95470;250;FOSSES
3120;95;95400;680;VILLIERS-LE-BEL
3121;95;95270;352;LUZARCHES
3122;95;95380;675;VILLERON
3123;95;95470;641;VEMARS
3124;95;95270;652;VIARMES
3125;95;95500;88;BONNEUIL-EN-FRANCE
3126;95;95470;604;SURVILLIERS
3127;95;95570;409;MOISSELLES
3128;95;95270;26;ASNIERES-SUR-OISE
3129;95;95380;509;PUISEUX-EN-FRANCE
3130;95;95190;241;FONTENAY-EN-PARISIS
3131;95;95270;149;CHAUMONTEL
3132;95;95270;594;SEUGY
3133;95;95160;428;MONTMORENCY
3134;95;95120;219;ERMONT
3135;95;95600;203;EAUBONNE
3136;95;95130;252;FRANCONVILLE LA GARENNE
3137;95;95130;491;PLESSIS-BOUCHARD (LE)
3138;95;95740;256;FREPILLON
3139;95;95150;607;TAVERNY
3140;95;95880;210;ENGHIEN LES BAINS
3141;95;95320;563;ST LEU LA FORET
3142;95;95210;555;ST GRATIEN
3143;95;95170;197;DEUIL LA BARRE
3144;95;95250;51;BEAUCHAMP
3145;95;95410;288;GROSLAY
3146;95;95550;60;BESSANCOURT
3147;95;95390;574;SAINT-PRIX
3148;95;95580;369;MARGENCY
3149;95;95230;598;SOISY SS MONTMORENCY
3150;95;95360;427;MONTMAGNY
3151;95;95680;426;MONTLIGNON
3152;95;95580;14;ANDILLY
3153;95;95110;582;SANNOIS
3154;95;95220;306;HERBLAY-SUR-SEINE
3155;95;95100;18;ARGENTEUIL
3156;95;95370;424;MONTIGNY LES CORMEILLES
3157;95;95870;63;BEZONS
3158;95;95530;257;LA FRETTE-SUR-SEINE
3159;95;95240;176;CORMEILLES-EN-PARISIS
3160;971;97150;27;SAINT MARTIN
3161;972;97227;26;SAINTE ANNE
3162;972;97233;29;SCHOELCHER
3163;972;97290;17;MARIN
3164;972;97200;9;FORT DE FRANCE
3165;972;97229;31;TROIS ILETS
3166;972;97222;5;CASE PILOTE
3167;972;97224;7;DUCOS
3168;972;97232;13;LE LAMENTIN
3169;972;97223;6;DIAMANT
3170;972;97280;32;VAUCLIN
3171;972;97212;24;SAINT JOSEPH
3172;972;97228;27;SAINTE LUCE
3173;972;97234;9;FORT DE FRANCE
3174;972;97240;10;FRANCOIS
3175;972;97231;22;ROBERT
3176;972;97216;1;AJOUPA BOUILLON
3177;972;97220;30;TRINITE
3178;972;97213;12;GROS MORNE
3179;973;97300;2;CAYENNE
3180;973;97354;9;REMIRE MONTJOLY
3181;973;97310;4;KOUROU
3182;973;97351;7;MATOURY
3183;973;97320;11;SAINT LAURENT DU MARONI
3184;974;97438;18;SAINTE MARIE
3185;974;97417;11;SAINT DENIS
3186;974;97400;11;SAINT DENIS
3187;974;97490;11;SAINT DENIS
3188;974;97460;15;SAINT-PAUL
3189;974;97434;15;SAINT-PAUL
3190;974;97470;10;SAINT-BENOIT
3191;974;97440;9;SAINT-ANDRE
3192;974;97419;8;LA POSSESSION
3193;974;97410;16;SAINT PIERRE
3194;974;97424;13;SAINT-LEU
3195;75;75003;103;PARIS 03
3196;75;75001;101;PARIS 01
3197;75;75008;108;PARIS 08
3198;75;75006;106;PARIS 06
3199;75;75007;107;PARIS 07
3200;75;75005;105;PARIS 05
3201;75;75010;110;PARIS 10
3202;75;75009;109;PARIS 09
3203;75;75011;111;PARIS 11
3204;75;75012;112;PARIS 12
3205;75;75013;113;PARIS 13
3206;75;75014;114;PARIS 14
3207;75;75015;115;PARIS 15
3208;75;75016;116;PARIS 16
3209;75;75017;117;PARIS 17
3210;75;75018;118;PARIS 18
3211;75;75020;120;PARIS 20
3212;75;75019;119;PARIS 19
3213;75;75004;104;PARIS 04
3214;75;75002;102;PARIS 02
